timestamp,R1_1,R1_2,R1_3,R1_4,R1_5,R1_6,R1_7,R1_8,R1_9,R1_10,R1_11,R1_12,R2_1,R2_2,R2_3,R2_4,R2_5,R2_6,R2_7,R2_8,R2_9,R2_10,R2_11,R2_12,R3_1,R3_2,R3_3,R3_4,R3_5,R3_6,R3_7,R3_8,R3_9,R3_10,R3_11,R3_12,R4_1,R4_2,R4_3,R4_4,R4_5,R4_6,R4_7,R4_8,R4_9,R4_10,R4_11,R4_12,Label,Class
1686748815.1617968,105.1627,-1.2294,365.0681,-1.9736,100.1672,1.8883,78.5011,1.2141,23.0991,-3.6364,36.4795,-2.746900',1.0,1.0,1.0,1.0,1.0,1.0,1.0,1.0,1.0,1.0,1.0,1.000000',0.0,0.0,0.0,0.0,0.0,0.0,0.0,0.0,0.0,0.0,0.0,0.000000',183.6347,-1.8822,72.8394,1.879,44.3276,-0.85,142.0057,-0.5145,67.279,-0.9344,64.5674,-1.212400',drill,0
1686748815.164847,106.6666,-1.1236,344.6341,-1.9815,99.4633,1.9675,81.4954,1.2313,23.3182,-3.6262,34.8435,-3.111700',1.0,1.0,1.0,1.0,1.0,1.0,1.0,1.0,1.0,1.0,1.0,1.000000',0.0,0.0,0.0,0.0,0.0,0.0,0.0,0.0,0.0,0.0,0.0,0.000000',160.9037,-2.1411,77.8161,1.8501,43.6471,-0.8414,136.1855,-0.5017,65.8125,-0.9242,65.9381,-1.229000',drill,0
1686748815.1650984,112.7973,-1.1857,303.3749,-1.9601,97.4103,1.9908,74.4046,1.2267,22.9273,-3.6252,35.1152,-3.093300',1.0,1.0,1.0,1.0,1.0,1.0,1.0,1.0,1.0,1.0,1.0,1.000000',0.0,0.0,0.0,0.0,0.0,0.0,0.0,0.0,0.0,0.0,0.0,0.000000',194.2346,-1.8043,75.5209,1.8924,44.27,-0.8368,144.5402,-0.5322,65.8001,-0.9594,64.6604,-1.166000',drill,0
1686748815.1910305,102.9865,-1.1399,339.1493,-1.9886,99.1331,1.953,77.9769,1.218,19.2638,-3.8045,33.8944,-3.111400',1.0,1.0,1.0,1.0,1.0,1.0,1.0,1.0,1.0,1.0,1.0,1.000000',0.0,0.0,0.0,0.0,0.0,0.0,0.0,0.0,0.0,0.0,0.0,0.000000',195.2909,-1.8323,71.6113,1.8873,43.9322,-0.8331,139.8283,-0.5639,64.9525,-0.9068,64.5746,-1.159500',drill,0
1686748815.401518,109.4451,-1.1809,459.0769,-1.8458,96.8225,1.9192,75.8129,1.2333,23.1666,-3.6102,34.6477,-3.120300',1.0,1.0,1.0,1.0,1.0,1.0,1.0,1.0,1.0,1.0,1.0,1.000000',0.0,0.0,0.0,0.0,0.0,0.0,0.0,0.0,0.0,0.0,0.0,0.000000',176.9029,-1.9126,72.8586,1.9054,43.3394,-0.8482,130.8645,-0.5489,64.8866,-0.8901,65.3484,-1.180700',drill,0
1686748815.6121442,103.9267,-1.1867,443.4501,-1.8239,101.4961,1.941,79.3561,1.2481,22.927,-3.6263,34.096,-3.101200',1.0,1.0,1.0,1.0,1.0,1.0,1.0,1.0,1.0,1.0,1.0,1.000000',0.0,0.0,0.0,0.0,0.0,0.0,0.0,0.0,0.0,0.0,0.0,0.000000',187.0695,-1.973,73.3572,1.8607,44.125,-0.8422,128.9298,-0.5396,65.4118,-0.9287,64.684,-1.158100',drill,0
1686748815.8228283,110.465,-1.1942,451.8036,-1.8099,102.4917,1.8627,77.9228,1.2384,23.0864,-3.6238,34.1498,-3.123800',1.0,1.0,1.0,1.0,1.0,1.0,1.0,1.0,1.0,1.0,1.0,1.000000',0.0,0.0,0.0,0.0,0.0,0.0,0.0,0.0,0.0,0.0,0.0,0.000000',178.0997,-1.7521,73.1697,1.8942,42.3728,-0.8404,138.3524,-0.5632,64.8013,-0.9346,64.7562,-1.209000',drill,0
1686748816.0335295,107.6138,-1.16,358.1217,-1.8803,98.9946,1.8603,72.1813,1.263,19.6161,-3.8032,33.7827,-3.114500',1.0,1.0,1.0,1.0,1.0,1.0,1.0,1.0,1.0,1.0,1.0,1.000000',0.0,0.0,0.0,0.0,0.0,0.0,0.0,0.0,0.0,0.0,0.0,0.000000',172.8194,-1.9546,75.4927,1.8754,43.0621,-0.832,141.7669,-0.5142,64.2811,-0.9054,65.2833,-1.169700',drill,0
1686748816.2442188,109.6083,-1.1589,374.8832,-1.7518,99.5682,1.8001,70.6099,1.2747,23.0506,-3.6202,34.4458,-3.139700',1.0,1.0,1.0,1.0,1.0,1.0,1.0,1.0,1.0,1.0,1.0,1.000000',0.0,0.0,0.0,0.0,0.0,0.0,0.0,0.0,0.0,0.0,0.0,0.000000',172.3629,-2.0241,74.5789,1.8781,43.0557,-0.8314,141.8258,-0.5123,65.1151,-0.9289,63.4475,-1.179900',drill,0
1686748816.454938,109.5752,-1.1354,336.3139,-1.9699,104.5077,1.8137,74.2314,1.2315,23.2755,-3.6321,34.4589,-3.114700',1.0,1.0,1.0,1.0,1.0,1.0,1.0,1.0,1.0,1.0,1.0,1.000000',0.0,0.0,0.0,0.0,0.0,0.0,0.0,0.0,0.0,0.0,0.0,0.000000',186.9756,-1.7926,75.6823,1.8821,43.9119,-0.8538,149.3337,-0.5281,65.8896,-0.9228,65.971,-1.175700',drill,0
1686748816.6656911,108.8872,-1.1791,349.3221,-2.2632,105.0039,1.7341,75.0558,1.2242,19.4345,-3.7944,34.1345,-3.114900',1.0,1.0,1.0,1.0,1.0,1.0,1.0,1.0,1.0,1.0,1.0,1.000000',0.0,0.0,0.0,0.0,0.0,0.0,0.0,0.0,0.0,0.0,0.0,0.000000',188.5634,-1.915,72.6421,1.8982,43.317,-0.8372,147.733,-0.5393,65.488,-0.9201,66.2624,-1.203300',drill,0
1686748816.8764148,106.4914,-1.1957,342.5632,-2.0882,103.6071,1.6842,72.2101,1.2253,23.3752,-3.6243,33.9587,-3.120400',1.0,1.0,1.0,1.0,1.0,1.0,1.0,1.0,1.0,1.0,1.0,1.000000',0.0,0.0,0.0,0.0,0.0,0.0,0.0,0.0,0.0,0.0,0.0,0.000000',175.6985,-1.8713,73.2686,1.8801,43.9336,-0.8467,139.6667,-0.5341,66.4683,-0.9397,66.2949,-1.205000',drill,0
1686748817.0871744,114.073,-1.1736,267.5211,-2.1754,107.5013,1.6838,69.9079,1.2492,23.4916,-3.6238,35.2035,-3.102400',1.0,1.0,1.0,1.0,1.0,1.0,1.0,1.0,1.0,1.0,1.0,1.000000',0.0,0.0,0.0,0.0,0.0,0.0,0.0,0.0,0.0,0.0,0.0,0.000000',187.7382,-1.8253,73.2365,1.9078,42.2677,-0.8525,125.9122,-0.5422,64.1811,-0.9264,63.5017,-1.147900',drill,0
1686748817.2978115,106.2241,-1.1225,440.1372,-1.4115,97.6607,1.7494,72.4557,1.2476,23.3274,-3.6197,35.0691,-3.104500',1.0,1.0,1.0,1.0,1.0,1.0,1.0,1.0,1.0,1.0,1.0,1.000000',0.0,0.0,0.0,0.0,0.0,0.0,0.0,0.0,0.0,0.0,0.0,0.000000',187.444,-1.849,74.642,1.884,43.0852,-0.848,139.9965,-0.5587,66.5269,-0.9362,65.2605,-1.214700',drill,0
1686748817.5085237,109.443,-1.076,369.5128,-1.7262,104.8343,1.6996,78.1021,1.2343,19.4741,-3.806,35.1977,-3.110300',1.0,1.0,1.0,1.0,1.0,1.0,1.0,1.0,1.0,1.0,1.0,1.000000',0.0,0.0,0.0,0.0,0.0,0.0,0.0,0.0,0.0,0.0,0.0,0.000000',177.988,-1.9744,73.668,1.8841,42.8916,-0.848,138.0878,-0.4897,64.646,-0.9142,63.8367,-1.172900',drill,0
1686748817.7192297,106.2845,-1.2245,441.1404,-1.4543,105.0461,1.7011,73.6107,1.2239,23.1132,-3.6225,34.1777,-3.117300',1.0,1.0,1.0,1.0,1.0,1.0,1.0,1.0,1.0,1.0,1.0,1.000000',0.0,0.0,0.0,0.0,0.0,0.0,0.0,0.0,0.0,0.0,0.0,0.000000',186.7579,-1.8399,75.7378,1.8843,43.2666,-0.8382,139.4078,-0.5229,65.5965,-0.9124,65.384,-1.192500',drill,0
1686748817.9299128,104.3021,-1.0829,380.9709,-1.5408,105.4418,1.794,75.1836,1.1981,22.9595,-3.6209,33.1118,-3.164300',1.0,1.0,1.0,1.0,1.0,1.0,1.0,1.0,1.0,1.0,1.0,1.000000',0.0,0.0,0.0,0.0,0.0,0.0,0.0,0.0,0.0,0.0,0.0,0.000000',187.2458,-1.8088,72.9687,1.8839,43.3688,-0.8429,134.2379,-0.5145,63.2703,-0.9088,64.4449,-1.140300',drill,0
1686748818.140645,113.1136,-1.2919,292.0619,-2.1079,101.2815,1.7978,75.9453,1.2256,22.8637,-3.6234,34.1375,-3.129900',1.0,1.0,1.0,1.0,1.0,1.0,1.0,1.0,1.0,1.0,1.0,1.000000',0.0,0.0,0.0,0.0,0.0,0.0,0.0,0.0,0.0,0.0,0.0,0.000000',177.6224,-1.9246,74.4727,1.8743,43.0949,-0.84,135.0767,-0.5257,64.4799,-0.8944,66.5482,-1.169200',drill,0
1686748818.3512993,101.213,-1.0424,310.0625,-2.0491,99.5517,1.758,77.5222,1.2076,23.288,-3.6139,34.3884,-3.125800',1.0,1.0,1.0,1.0,1.0,1.0,1.0,1.0,1.0,1.0,1.0,1.000000',0.0,0.0,0.0,0.0,0.0,0.0,0.0,0.0,0.0,0.0,0.0,0.000000',181.7402,-1.8301,77.6135,1.888,43.4687,-0.847,142.2074,-0.5206,63.3499,-0.9269,65.1196,-1.187800',drill,0
1686748818.5620055,113.54,-1.0867,364.3459,-1.5533,100.2319,1.7021,73.4397,1.2217,23.0536,-3.6247,35.1033,-3.122400',1.0,1.0,1.0,1.0,1.0,1.0,1.0,1.0,1.0,1.0,1.0,1.000000',0.0,0.0,0.0,0.0,0.0,0.0,0.0,0.0,0.0,0.0,0.0,0.000000',184.8032,-1.9023,74.3523,1.8667,44.4157,-0.8476,136.6856,-0.5431,64.8278,-0.9269,64.6355,-1.228000',drill,0
1686748818.77269,106.3809,-1.12,374.1668,-1.7422,103.5153,1.7133,69.1696,1.2238,23.1302,-3.6192,33.7584,-3.136700',1.0,1.0,1.0,1.0,1.0,1.0,1.0,1.0,1.0,1.0,1.0,1.000000',0.0,0.0,0.0,0.0,0.0,0.0,0.0,0.0,0.0,0.0,0.0,0.000000',177.4433,-2.0406,71.6714,1.8854,41.2315,-0.855,142.1655,-0.5378,65.3177,-0.9121,63.7308,-1.141800',drill,0
1686748818.98339,109.0921,-1.1181,346.5565,-1.9361,101.0332,1.7426,70.9605,1.2056,23.1051,-3.6144,34.2739,-3.141600',1.0,1.0,1.0,1.0,1.0,1.0,1.0,1.0,1.0,1.0,1.0,1.000000',0.0,0.0,0.0,0.0,0.0,0.0,0.0,0.0,0.0,0.0,0.0,0.000000',179.0007,-2.0443,72.0069,1.8881,44.5037,-0.8399,151.0768,-0.5242,64.5726,-0.9154,65.6465,-1.155100',drill,0
1686748819.1940987,102.3163,-1.074,297.4895,-1.9689,101.8945,1.658,70.6123,1.2148,28.0954,-3.3219,33.5143,-3.134400',1.0,1.0,1.0,1.0,1.0,1.0,1.0,1.0,1.0,1.0,1.0,1.000000',0.0,0.0,0.0,0.0,0.0,0.0,0.0,0.0,0.0,0.0,0.0,0.000000',169.9346,-2.0382,76.2637,1.91,42.9547,-0.846,148.432,-0.5534,67.1123,-0.9316,65.9929,-1.155600',drill,0
1686748819.404792,112.1027,-1.0653,381.5494,-1.6125,100.6302,1.7032,69.7818,1.2094,22.8138,-3.626,36.6344,-2.724200',1.0,1.0,1.0,1.0,1.0,1.0,1.0,1.0,1.0,1.0,1.0,1.000000',0.0,0.0,0.0,0.0,0.0,0.0,0.0,0.0,0.0,0.0,0.0,0.000000',191.7689,-1.8884,74.6615,1.8708,44.262,-0.8466,153.0392,-0.5684,64.6958,-0.9076,65.2778,-1.148300',drill,0
1686748819.615548,109.8306,-1.268,363.6673,-1.8783,95.3666,1.7186,73.9658,1.1973,22.916,-3.618,36.3717,-2.735800',1.0,1.0,1.0,1.0,1.0,1.0,1.0,1.0,1.0,1.0,1.0,1.000000',0.0,0.0,0.0,0.0,0.0,0.0,0.0,0.0,0.0,0.0,0.0,0.000000',180.6725,-1.9525,76.0944,1.9025,43.7802,-0.8515,134.4518,-0.5079,65.8708,-0.9121,64.3908,-1.180700',drill,0
1686748819.8263006,105.1149,-1.1233,317.9507,-1.9181,103.4137,1.6875,71.9434,1.2132,23.4224,-3.6152,34.4489,-3.133500',1.0,1.0,1.0,1.0,1.0,1.0,1.0,1.0,1.0,1.0,1.0,1.000000',0.0,0.0,0.0,0.0,0.0,0.0,0.0,0.0,0.0,0.0,0.0,0.000000',181.3925,-1.8715,73.1452,1.8822,41.796,-0.8295,138.1351,-0.4919,67.5217,-0.937,64.9513,-1.196000',drill,0
1686748820.036955,104.809,-1.1119,334.294,-1.9337,97.4546,1.7327,76.2915,1.1934,27.7098,-3.3342,34.4682,-3.116400',1.0,1.0,1.0,1.0,1.0,1.0,1.0,1.0,1.0,1.0,1.0,1.000000',0.0,0.0,0.0,0.0,0.0,0.0,0.0,0.0,0.0,0.0,0.0,0.000000',183.6515,-1.9924,75.095,1.8854,41.8185,-0.8511,155.8556,-0.5206,67.1352,-0.9432,65.9696,-1.195800',drill,0
1686748820.2476487,103.7593,-1.1389,304.3769,-2.1181,101.2326,1.6342,75.6053,1.2282,19.5416,-3.7926,34.0431,-3.135900',1.0,1.0,1.0,1.0,1.0,1.0,1.0,1.0,1.0,1.0,1.0,1.000000',0.0,0.0,0.0,0.0,0.0,0.0,0.0,0.0,0.0,0.0,0.0,0.000000',186.6035,-1.9037,74.2638,1.8886,41.6482,-0.8609,140.0196,-0.5214,66.1738,-0.9124,65.8128,-1.160000',drill,0
1686748820.458435,100.3886,-1.144,382.1194,-2.0067,98.2207,1.7892,81.4273,1.1816,23.0789,-3.6296,34.9707,-3.112500',1.0,1.0,1.0,1.0,1.0,1.0,1.0,1.0,1.0,1.0,1.0,1.000000',0.0,0.0,0.0,0.0,0.0,0.0,0.0,0.0,0.0,0.0,0.0,0.000000',163.1657,-2.0891,74.6731,1.8724,43.9328,-0.8426,148.5811,-0.5312,66.9254,-0.9467,65.1004,-1.189000',drill,0
1686748820.6691847,109.4569,-1.1313,365.1364,-1.9265,100.2536,1.7815,83.4667,1.2064,23.276,-3.631,35.9463,-3.089900',1.0,1.0,1.0,1.0,1.0,1.0,1.0,1.0,1.0,1.0,1.0,1.000000',0.0,0.0,0.0,0.0,0.0,0.0,0.0,0.0,0.0,0.0,0.0,0.000000',197.5308,-1.852,70.512,1.8893,42.6563,-0.848,145.2356,-0.5152,67.8214,-0.9559,65.5758,-1.176100',drill,0
1686748820.8797047,99.7864,-1.0735,345.8011,-1.9116,96.1929,1.9124,92.0171,1.1461,23.1968,-3.6282,35.5451,-3.113200',1.0,1.0,1.0,1.0,1.0,1.0,1.0,1.0,1.0,1.0,1.0,1.000000',0.0,0.0,0.0,0.0,0.0,0.0,0.0,0.0,0.0,0.0,0.0,0.000000',188.7845,-1.9447,72.9002,1.8873,43.5482,-0.8465,136.8861,-0.5452,62.7408,-0.8887,66.9352,-1.162400',drill,0
1686748821.0914288,108.0652,-1.091,422.5103,-1.7542,97.9408,1.8523,81.3463,1.1826,27.5695,-3.3387,35.4013,-3.105100',1.0,1.0,1.0,1.0,1.0,1.0,1.0,1.0,1.0,1.0,1.0,1.000000',0.0,0.0,0.0,0.0,0.0,0.0,0.0,0.0,0.0,0.0,0.0,0.000000',156.7935,-2.1392,72.1223,1.8886,43.7194,-0.8471,145.5367,-0.5836,62.843,-0.8962,67.0811,-1.211500',drill,0
1686748821.304104,106.6989,-1.118,461.8857,-1.6923,100.6574,1.7746,79.6764,1.2283,19.5229,-3.8045,34.9961,-3.111700',1.0,1.0,1.0,1.0,1.0,1.0,1.0,1.0,1.0,1.0,1.0,1.000000',0.0,0.0,0.0,0.0,0.0,0.0,0.0,0.0,0.0,0.0,0.0,0.000000',189.5484,-1.8167,76.102,1.8811,43.8376,-0.8368,161.1531,-0.551,64.597,-0.8937,66.1715,-1.166700',drill,0
1686748821.5148182,106.539,-1.1629,440.2326,-1.7217,99.7287,1.8163,78.4417,1.194,27.8546,-3.3357,34.5717,-3.118200',1.0,1.0,1.0,1.0,1.0,1.0,1.0,1.0,1.0,1.0,1.0,1.000000',0.0,0.0,0.0,0.0,0.0,0.0,0.0,0.0,0.0,0.0,0.0,0.000000',184.6877,-1.9136,77.7395,1.8836,42.6629,-0.8494,139.3753,-0.5062,66.8653,-0.9274,65.4124,-1.182900',drill,0
1686748821.7254946,100.936,-0.9955,554.6729,-1.7495,100.8246,1.8079,76.1954,1.1797,19.4868,-3.8035,34.3606,-3.116600',1.0,1.0,1.0,1.0,1.0,1.0,1.0,1.0,1.0,1.0,1.0,1.000000',0.0,0.0,0.0,0.0,0.0,0.0,0.0,0.0,0.0,0.0,0.0,0.000000',186.2738,-1.9425,78.4886,1.878,42.0204,-0.8076,212.3183,-0.5094,62.3531,-0.8967,65.8743,-1.206600',drill,0
1686748821.9362442,109.1411,-1.1839,497.295,-1.8783,72.3746,2.3255,37.6206,1.5163,19.2209,-3.8167,37.0269,-2.673600',1.0,1.0,1.0,1.0,1.0,1.0,1.0,1.0,1.0,1.0,1.0,1.000000',0.0,0.0,0.0,0.0,0.0,0.0,0.0,0.0,0.0,0.0,0.0,0.000000',191.546,-1.8142,76.0324,1.8248,34.1192,-0.668,289.5097,0.8751,57.4824,-1.1949,68.7191,-1.994900',drill,0
1686748822.1468954,112.0187,-1.1813,532.1619,-0.2374,37.2312,1.2757,138.6406,0.8479,22.1229,-3.7893,26.7405,-3.294900',1.0,1.0,1.0,1.0,1.0,1.0,1.0,1.0,1.0,1.0,1.0,1.000000',0.0,0.0,0.0,0.0,0.0,0.0,0.0,0.0,0.0,0.0,0.0,0.000000',160.0131,-1.2862,87.5974,1.8305,30.131,-0.5769,69.3095,-0.5917,21.3566,-0.9312,19.4733,3.294900',drill,0
1686748822.357581,106.4641,-0.9029,143.9216,0.1255,23.1512,0.9459,36.256,-0.9683,24.0682,-3.8469,22.5558,-3.381900',1.0,1.0,1.0,1.0,1.0,1.0,1.0,1.0,1.0,1.0,1.0,1.000000',0.0,0.0,0.0,0.0,0.0,0.0,0.0,0.0,0.0,0.0,0.0,0.000000',142.703,-1.1396,94.932,1.8763,23.7416,-0.5184,283.5694,-1.9612,21.2417,-1.1797,11.0445,3.314400',drill,0
1686748822.5682838,62.7499,-0.2187,57.4291,-0.2045,23.5399,0.8924,33.0924,-1.0128,26.47,-3.8787,20.9069,-3.427100',1.0,1.0,1.0,1.0,1.0,1.0,1.0,1.0,1.0,1.0,1.0,1.000000',0.0,0.0,0.0,0.0,0.0,0.0,0.0,0.0,0.0,0.0,0.0,0.000000',101.9714,-0.9486,136.1796,-3.6727,22.1621,-0.5759,94.348,2.9777,26.1642,-2.0051,10.7052,3.445400',drill,0
1686748822.778977,42.7689,-0.1129,40.8767,-0.2914,33.1809,1.2656,43.9059,-0.8413,21.6601,-3.9607,16.5507,2.808600',1.0,1.0,1.0,1.0,1.0,1.0,1.0,1.0,1.0,1.0,1.0,1.000000',0.0,0.0,0.0,0.0,0.0,0.0,0.0,0.0,0.0,0.0,0.0,0.000000',102.5003,-1.0838,109.9365,-2.9363,22.3974,-0.59,68.19,2.5095,22.642,-2.429,11.1002,3.501200',drill,0
1686748822.989704,40.2669,-0.1921,38.9784,-0.338,37.4584,1.629,48.8216,-0.6351,21.3994,-3.9428,19.199,-3.300200',1.0,1.0,1.0,1.0,1.0,1.0,1.0,1.0,1.0,1.0,1.0,1.000000',0.0,0.0,0.0,0.0,0.0,0.0,0.0,0.0,0.0,0.0,0.0,0.000000',102.9355,-0.9766,92.1741,-2.8209,23.7087,-0.5799,124.1956,-3.2371,18.0619,-2.7179,11.4358,3.525300',drill,0
1686748823.200436,38.9934,-0.2467,37.5072,-0.3327,39.6439,1.7391,48.9089,-0.5566,24.7139,-3.9193,21.4404,-3.230200',1.0,1.0,1.0,1.0,1.0,1.0,1.0,1.0,1.0,1.0,1.0,1.000000',0.0,0.0,0.0,0.0,0.0,0.0,0.0,0.0,0.0,0.0,0.0,0.000000',103.3709,-0.8652,80.0855,-2.7697,25.9286,-0.5199,142.4946,-2.8738,16.9716,3.5036,11.5052,3.533500',drill,0
1686748823.4110932,40.4001,-0.239,33.9703,-0.2897,40.4222,1.8038,50.0279,-0.5576,27.8573,-3.9144,22.5624,-3.224200',1.0,1.0,1.0,1.0,1.0,1.0,1.0,1.0,1.0,1.0,1.0,1.000000',0.0,0.0,0.0,0.0,0.0,0.0,0.0,0.0,0.0,0.0,0.0,0.000000',99.7669,-0.8531,76.7405,-2.6331,27.0825,-0.5018,148.2044,-2.9314,16.2339,3.4857,11.4375,3.549600',drill,0
1686748823.6217434,40.2777,-0.232,34.1648,-0.3042,42.2471,1.7534,49.0134,-0.6527,26.992,-3.9262,21.7996,-3.247100',1.0,1.0,1.0,1.0,1.0,1.0,1.0,1.0,1.0,1.0,1.0,1.000000',0.0,0.0,0.0,0.0,0.0,0.0,0.0,0.0,0.0,0.0,0.0,0.000000',108.2575,-0.929,73.692,-2.5626,27.8451,-0.4813,146.0882,-2.957,16.2129,3.4875,11.5109,3.557300',drill,0
1686748823.8324535,38.0919,-0.2295,34.1105,-0.3039,41.6134,1.696,99.0297,-0.3491,27.0557,-3.9495,23.3572,-3.221400',1.0,1.0,1.0,1.0,1.0,1.0,1.0,1.0,1.0,1.0,1.0,1.000000',0.0,0.0,0.0,0.0,0.0,0.0,0.0,0.0,0.0,0.0,0.0,0.000000',106.904,-0.9785,74.3375,-2.5673,28.4415,-0.4794,173.1923,-2.7102,15.929,3.4785,11.589,3.559400',drill,0
1686748824.0431418,39.574,-0.2328,33.0254,-0.284,40.4324,1.5106,106.1476,-0.5587,27.2902,-3.9654,21.6762,-3.424000',1.0,1.0,1.0,1.0,1.0,1.0,1.0,1.0,1.0,1.0,1.0,1.000000',0.0,0.0,0.0,0.0,0.0,0.0,0.0,0.0,0.0,0.0,0.0,0.000000',105.5732,-0.9004,72.569,-2.5882,29.3457,-0.454,184.7379,-2.7941,15.9236,3.4789,11.6313,3.558300',drill,0
1686748824.2538278,38.8558,-0.2356,33.41,-0.3076,38.0998,1.464,48.3707,-0.8749,26.5585,-3.9675,24.6772,-3.172500',1.0,1.0,1.0,1.0,1.0,1.0,1.0,1.0,1.0,1.0,1.0,1.000000',0.0,0.0,0.0,0.0,0.0,0.0,0.0,0.0,0.0,0.0,0.0,0.000000',102.8759,-0.8439,71.7965,-2.5822,29.4626,-0.4582,220.7562,-2.6128,15.8207,3.4679,11.5603,3.561300',drill,0
1686748824.4645758,38.6646,-0.2337,32.9267,-0.2895,38.0803,1.427,48.6312,-0.902,25.8469,-3.9932,22.1727,-3.395000',1.0,1.0,1.0,1.0,1.0,1.0,1.0,1.0,1.0,1.0,1.0,1.000000',0.0,0.0,0.0,0.0,0.0,0.0,0.0,0.0,0.0,0.0,0.0,0.000000',101.5555,-0.8473,72.8784,-2.5259,29.5914,-0.4712,274.5618,-2.2287,15.7532,3.4624,11.5356,3.558600',drill,0
1686748824.6752522,39.7961,-0.2631,31.2288,-0.2752,37.9377,1.4341,47.6577,-0.9041,25.8444,-4.0064,22.084,-3.402900',1.0,1.0,1.0,1.0,1.0,1.0,1.0,1.0,1.0,1.0,1.0,1.000000',0.0,0.0,0.0,0.0,0.0,0.0,0.0,0.0,0.0,0.0,0.0,0.000000',105.4482,-0.8955,74.0844,-2.5124,28.6424,-0.4655,146.7559,-1.5252,15.0222,3.4124,11.4383,3.550000',drill,0
1686748824.889097,39.1328,-0.2629,31.0478,-0.2737,37.6055,1.406,110.6803,-0.6405,25.5459,-4.0119,22.0985,-3.388400',1.0,1.0,1.0,1.0,1.0,1.0,1.0,1.0,1.0,1.0,1.0,1.000000',0.0,0.0,0.0,0.0,0.0,0.0,0.0,0.0,0.0,0.0,0.0,0.000000',101.6363,-0.9213,77.0876,-2.5955,30.2661,-0.4831,93.6981,-1.2428,14.4918,3.3725,11.5794,3.549200',drill,0
1686748825.0996482,40.0278,-0.2537,31.2511,-0.2733,37.6484,1.3848,112.8299,-0.6247,25.3726,-4.0104,25.5209,-3.165900',1.0,1.0,1.0,1.0,1.0,1.0,1.0,1.0,1.0,1.0,1.0,1.000000',0.0,0.0,0.0,0.0,0.0,0.0,0.0,0.0,0.0,0.0,0.0,0.000000',108.0429,-0.9261,74.6081,-2.512,33.2714,-0.3919,87.6011,-1.2102,14.3182,3.3695,11.5563,3.551400',drill,0
1686748825.310343,37.9482,-0.2643,30.7626,-0.2823,37.1739,1.3962,108.7425,-0.6379,25.0552,-4.016,22.5645,-3.385600',1.0,1.0,1.0,1.0,1.0,1.0,1.0,1.0,1.0,1.0,1.0,1.000000',0.0,0.0,0.0,0.0,0.0,0.0,0.0,0.0,0.0,0.0,0.0,0.000000',111.8949,-0.9818,74.6775,-2.5327,33.5958,-0.3758,83.5055,-1.2066,14.45,3.372,11.6662,3.554000',drill,0
1686748825.5210412,37.5865,-0.244,30.5608,-0.2636,36.5784,1.3713,107.7614,-0.68,25.2839,-4.02,22.3102,-3.392700',1.0,1.0,1.0,1.0,1.0,1.0,1.0,1.0,1.0,1.0,1.0,1.000000',0.0,0.0,0.0,0.0,0.0,0.0,0.0,0.0,0.0,0.0,0.0,0.000000',115.2705,-0.8811,74.3538,-2.5337,30.8693,-0.464,79.7129,-1.1551,14.3908,3.3713,11.615,3.555500',drill,0
1686748825.731709,38.6628,-0.2474,30.7139,-0.2726,36.613,1.3525,106.9543,-0.6704,25.282,-4.0316,22.2529,-3.398500',1.0,1.0,1.0,1.0,1.0,1.0,1.0,1.0,1.0,1.0,1.0,1.000000',0.0,0.0,0.0,0.0,0.0,0.0,0.0,0.0,0.0,0.0,0.0,0.000000',108.6913,-0.8627,77.7258,-2.5543,31.0841,-0.4707,73.877,-1.1207,14.2298,3.3692,11.7174,3.558300',drill,0
1686748825.9423623,39.6957,-0.2813,30.8387,-0.2914,36.9084,1.3479,105.0436,-0.726,24.8273,-4.0283,22.1319,-3.404500',1.0,1.0,1.0,1.0,1.0,1.0,1.0,1.0,1.0,1.0,1.0,1.000000',0.0,0.0,0.0,0.0,0.0,0.0,0.0,0.0,0.0,0.0,0.0,0.000000',107.9122,-0.9301,75.8872,-2.5461,31.132,-0.4631,70.4204,-1.09,14.2553,3.3692,11.5932,3.551400',drill,0
1686748826.1531596,37.3708,-0.25,30.8962,-0.2905,35.8975,1.3185,106.4395,-0.7092,24.6313,-4.0376,22.48,-3.390200',1.0,1.0,1.0,1.0,1.0,1.0,1.0,1.0,1.0,1.0,1.0,1.000000',0.0,0.0,0.0,0.0,0.0,0.0,0.0,0.0,0.0,0.0,0.0,0.000000',99.9992,-0.9159,75.512,-2.5344,30.9859,-0.4738,70.3151,-1.1062,14.2344,3.3647,11.653,3.558500',drill,0
1686748826.3637524,38.8706,-0.2605,30.3106,-0.2684,36.292,1.3384,104.1813,-0.7618,24.6682,-4.0376,21.6506,-3.403300',1.0,1.0,1.0,1.0,1.0,1.0,1.0,1.0,1.0,1.0,1.0,1.000000',0.0,0.0,0.0,0.0,0.0,0.0,0.0,0.0,0.0,0.0,0.0,0.000000',102.5149,-0.858,75.5143,-2.509,32.166,-0.4584,66.6036,-1.1014,14.1715,3.3623,11.6541,3.553500',drill,0
1686748826.574465,40.4271,-0.2672,29.754,-0.2473,36.1456,1.3281,97.5605,-0.8083,24.1083,-4.0344,21.4593,-3.402300',1.0,1.0,1.0,1.0,1.0,1.0,1.0,1.0,1.0,1.0,1.0,1.000000',0.0,0.0,0.0,0.0,0.0,0.0,0.0,0.0,0.0,0.0,0.0,0.000000',106.5755,-0.9303,75.3564,-2.6,31.9943,-0.4545,64.114,-1.0876,14.0614,3.3568,11.6272,3.559000',drill,0
1686748826.7851255,37.8999,-0.2253,30.2169,-0.257,36.3228,1.2796,101.2939,-0.7924,24.3204,-4.049,24.235,-3.194900',1.0,1.0,1.0,1.0,1.0,1.0,1.0,1.0,1.0,1.0,1.0,1.000000',0.0,0.0,0.0,0.0,0.0,0.0,0.0,0.0,0.0,0.0,0.0,0.000000',104.9937,-0.8914,77.2375,-2.5799,31.9073,-0.4616,67.6003,-1.1158,14.1011,3.36,11.6177,3.553700',drill,0
1686748826.995828,37.4575,-0.2342,30.2011,-0.2641,35.7012,1.3359,44.1864,-0.9771,24.6023,-4.0482,20.9124,-3.417000',1.0,1.0,1.0,1.0,1.0,1.0,1.0,1.0,1.0,1.0,1.0,1.000000',0.0,0.0,0.0,0.0,0.0,0.0,0.0,0.0,0.0,0.0,0.0,0.000000',113.8963,-0.9398,74.6955,-2.5803,31.5643,-0.4697,66.4347,-1.0765,14.0668,3.3585,11.7128,3.552900',drill,0
1686748827.2065146,38.6366,-0.2635,29.738,-0.2533,36.5088,1.3237,96.1294,-0.8473,24.0976,-4.0519,23.5161,-3.229100',1.0,1.0,1.0,1.0,1.0,1.0,1.0,1.0,1.0,1.0,1.0,1.000000',0.0,0.0,0.0,0.0,0.0,0.0,0.0,0.0,0.0,0.0,0.0,0.000000',109.3948,-0.9014,75.256,-2.5669,31.5974,-0.4716,66.7178,-1.104,13.9366,3.3487,11.744,3.555500',drill,0
1686748827.4172258,38.1498,-0.2822,29.4493,-0.2562,36.5331,1.3395,43.792,-0.9688,24.5263,-4.0554,20.3544,2.847900',1.0,1.0,1.0,1.0,1.0,1.0,1.0,1.0,1.0,1.0,1.0,1.000000',0.0,0.0,0.0,0.0,0.0,0.0,0.0,0.0,0.0,0.0,0.0,0.000000',103.0915,-0.8685,75.4933,-2.5529,31.1262,-0.4689,60.6689,-1.0718,13.8186,3.3442,11.6636,3.557300',drill,0
1686748827.6279056,36.7788,-0.2514,29.4161,-0.2563,36.4581,1.3306,43.1845,-0.9648,24.4609,-4.0515,20.4052,2.845600',1.0,1.0,1.0,1.0,1.0,1.0,1.0,1.0,1.0,1.0,1.0,1.000000',0.0,0.0,0.0,0.0,0.0,0.0,0.0,0.0,0.0,0.0,0.0,0.000000',106.5682,-0.9716,77.0855,-2.5755,31.4423,-0.4733,61.7451,-1.0909,13.6598,3.3358,11.6221,3.548400',drill,0
1686748827.838629,38.6993,-0.2402,29.438,-0.2541,36.8639,1.3267,46.5326,-0.9324,24.3268,-4.0685,20.2394,2.844700',1.0,1.0,1.0,1.0,1.0,1.0,1.0,1.0,1.0,1.0,1.0,1.000000',0.0,0.0,0.0,0.0,0.0,0.0,0.0,0.0,0.0,0.0,0.0,0.000000',108.7091,-0.9279,75.8402,-2.5555,32.0453,-0.4728,59.9274,-1.0922,13.7877,3.3346,11.6164,3.547600',drill,0
1686748828.0492744,39.3183,-0.2595,29.2002,-0.263,36.631,1.2885,43.2367,-0.9615,24.5497,-4.0701,20.3513,-3.430000',1.0,1.0,1.0,1.0,1.0,1.0,1.0,1.0,1.0,1.0,1.0,1.000000',0.0,0.0,0.0,0.0,0.0,0.0,0.0,0.0,0.0,0.0,0.0,0.000000',109.8794,-0.8996,76.4324,-2.5355,32.1114,-0.4653,57.8117,-1.0852,13.6856,3.329,11.6344,3.545900',drill,0
1686748828.2599587,39.3279,-0.2375,29.3834,-0.2577,36.0065,1.2797,43.1443,-0.9586,24.4392,-4.0687,19.9218,-3.431700',1.0,1.0,1.0,1.0,1.0,1.0,1.0,1.0,1.0,1.0,1.0,1.000000',0.0,0.0,0.0,0.0,0.0,0.0,0.0,0.0,0.0,0.0,0.0,0.000000',104.9021,-0.84,75.6549,-2.5525,35.7347,-0.3758,53.8764,-1.0605,13.7213,3.3311,11.732,3.551500',drill,0
1686748828.4706874,38.4757,-0.2378,29.9964,-0.2712,36.3969,1.253,89.1734,-0.8078,24.319,-4.067,20.03,2.837600',1.0,1.0,1.0,1.0,1.0,1.0,1.0,1.0,1.0,1.0,1.0,1.000000',0.0,0.0,0.0,0.0,0.0,0.0,0.0,0.0,0.0,0.0,0.0,0.000000',105.5335,-0.8725,76.3856,-2.5794,32.4275,-0.471,55.3858,-1.0605,13.7163,3.3345,11.6387,3.546600',drill,0
1686748828.6813583,37.8566,-0.2498,28.3949,-0.2405,37.1172,1.2714,41.5274,-0.9542,24.5205,-4.0776,19.589,2.815700',1.0,1.0,1.0,1.0,1.0,1.0,1.0,1.0,1.0,1.0,1.0,1.000000',0.0,0.0,0.0,0.0,0.0,0.0,0.0,0.0,0.0,0.0,0.0,0.000000',105.3475,-0.9381,75.5269,-2.5277,32.1852,-0.4767,55.6567,-1.0767,13.6932,3.3301,11.6472,3.549700',drill,0
1686748828.8920538,38.5658,-0.2499,30.0912,-0.2629,36.7124,1.2925,43.5126,-0.9542,24.0936,-4.0634,19.7748,2.826400',1.0,1.0,1.0,1.0,1.0,1.0,1.0,1.0,1.0,1.0,1.0,1.000000',0.0,0.0,0.0,0.0,0.0,0.0,0.0,0.0,0.0,0.0,0.0,0.000000',107.0756,-0.9016,75.6461,-2.5454,33.175,-0.4606,57.8704,-1.0956,13.7051,3.3327,11.6531,3.548900',drill,0
1686748829.1027677,39.4497,-0.2418,28.9752,-0.252,36.6743,1.2805,41.9281,-0.9766,24.6303,-4.0635,19.8212,2.824900',1.0,1.0,1.0,1.0,1.0,1.0,1.0,1.0,1.0,1.0,1.0,1.000000',0.0,0.0,0.0,0.0,0.0,0.0,0.0,0.0,0.0,0.0,0.0,0.000000',104.284,-0.9726,75.3056,-2.5473,32.1208,-0.4629,56.4351,-1.0707,13.7337,3.3295,11.608,3.546200',drill,0
1686748829.3134606,37.5097,-0.245,28.933,-0.2461,37.0005,1.2705,92.0966,-0.8291,24.6012,-4.0753,19.4493,2.812400',1.0,1.0,1.0,1.0,1.0,1.0,1.0,1.0,1.0,1.0,1.0,1.000000',0.0,0.0,0.0,0.0,0.0,0.0,0.0,0.0,0.0,0.0,0.0,0.000000',113.1909,-0.8593,75.7949,-2.5153,32.6053,-0.48,55.2285,-1.0695,13.7565,3.3318,11.6812,3.549900',drill,0
1686748829.5241165,38.5176,-0.2538,29.3722,-0.266,37.7501,1.2559,44.7307,-0.9404,24.7059,-4.0804,19.2291,2.818700',1.0,1.0,1.0,1.0,1.0,1.0,1.0,1.0,1.0,1.0,1.0,1.000000',0.0,0.0,0.0,0.0,0.0,0.0,0.0,0.0,0.0,0.0,0.0,0.000000',99.9648,-0.8679,75.5997,-2.5578,32.7808,-0.4641,57.4629,-1.1097,13.7846,3.3304,11.6963,3.547000',drill,0
1686748829.7348337,38.7972,-0.247,28.7017,-0.2525,37.6234,1.3115,97.7014,-0.7903,24.5091,-4.0778,19.1263,2.818300',1.0,1.0,1.0,1.0,1.0,1.0,1.0,1.0,1.0,1.0,1.0,1.000000',0.0,0.0,0.0,0.0,0.0,0.0,0.0,0.0,0.0,0.0,0.0,0.000000',97.8239,-0.8308,75.1918,-2.5204,31.695,-0.4673,58.6093,-1.0963,13.7017,3.3289,11.6791,3.548300',drill,0
1686748829.945538,38.1918,-0.2656,29.5323,-0.2683,37.3631,1.2929,97.8872,-0.7036,24.565,-4.0753,19.3973,2.812700',1.0,1.0,1.0,1.0,1.0,1.0,1.0,1.0,1.0,1.0,1.0,1.000000',0.0,0.0,0.0,0.0,0.0,0.0,0.0,0.0,0.0,0.0,0.0,0.000000',110.0896,-0.9177,76.6916,-2.5812,32.2712,-0.4607,59.3153,-1.1286,13.6091,3.3343,11.5616,3.541700',drill,0
1686748830.1562417,37.2662,-0.2452,29.6222,-0.2583,37.994,1.3212,45.1674,-0.9299,24.484,-4.095,19.0483,2.813800',1.0,1.0,1.0,1.0,1.0,1.0,1.0,1.0,1.0,1.0,1.0,1.000000',0.0,0.0,0.0,0.0,0.0,0.0,0.0,0.0,0.0,0.0,0.0,0.000000',101.7008,-0.9285,76.6221,-2.5533,31.6972,-0.4748,57.3904,-1.1019,13.7175,3.328,11.6374,3.552200',drill,0
1686748830.366961,40.3431,-0.2327,28.7078,-0.2438,37.7719,1.327,101.0495,-0.7023,23.1485,-4.0728,18.949,2.823500',1.0,1.0,1.0,1.0,1.0,1.0,1.0,1.0,1.0,1.0,1.0,1.000000',0.0,0.0,0.0,0.0,0.0,0.0,0.0,0.0,0.0,0.0,0.0,0.000000',107.5088,-0.9478,77.6288,-2.5115,32.2237,-0.4703,59.2466,-1.1074,13.6451,3.3292,11.629,3.549300',drill,0
1686748830.5776289,37.2396,-0.226,28.6803,-0.2386,37.5563,1.2998,99.943,-0.6845,29.792,-3.8993,18.1496,2.838500',1.0,1.0,1.0,1.0,1.0,1.0,1.0,1.0,1.0,1.0,1.0,1.000000',0.0,0.0,0.0,0.0,0.0,0.0,0.0,0.0,0.0,0.0,0.0,0.000000',109.6799,-0.8468,78.0703,-2.5234,32.1957,-0.4738,59.0615,-1.1048,13.6158,3.3292,11.6903,3.551500',drill,0
1686748830.7883534,39.2662,-0.2885,28.8284,-0.2299,37.5644,1.2946,96.2217,-0.6825,28.0693,-3.8984,19.7927,-3.293300',1.0,1.0,1.0,1.0,1.0,1.0,1.0,1.0,1.0,1.0,1.0,1.000000',0.0,0.0,0.0,0.0,0.0,0.0,0.0,0.0,0.0,0.0,0.0,0.000000',109.2601,-0.9022,76.6356,-2.5609,32.2056,-0.4725,56.5201,-1.0977,13.6687,3.3319,11.5984,3.547400',drill,0
1686748830.9989913,37.8806,-0.2612,27.7882,-0.2397,38.6576,1.3099,45.1431,-0.8864,20.9866,-4.057,19.606,-3.284800',1.0,1.0,1.0,1.0,1.0,1.0,1.0,1.0,1.0,1.0,1.0,1.000000',0.0,0.0,0.0,0.0,0.0,0.0,0.0,0.0,0.0,0.0,0.0,0.000000',111.1308,-0.8996,77.569,-2.5081,32.3032,-0.4618,59.1856,-1.1064,13.7054,3.3281,11.643,3.553400',drill,0
1686748831.209737,38.2185,-0.2484,28.6017,-0.2498,37.7227,1.2751,46.5635,-0.8649,20.7448,-4.0619,19.4787,-3.299800',1.0,1.0,1.0,1.0,1.0,1.0,1.0,1.0,1.0,1.0,1.0,1.000000',0.0,0.0,0.0,0.0,0.0,0.0,0.0,0.0,0.0,0.0,0.0,0.000000',102.1231,-0.7947,76.6841,-2.5117,31.6465,-0.4728,58.2642,-1.0891,13.6763,3.3335,11.6614,3.550700',drill,0
1686748831.4203906,37.5711,-0.2375,28.8115,-0.2611,38.2589,1.3121,45.3218,-0.896,16.9237,-4.1355,19.3887,-3.313500',1.0,1.0,1.0,1.0,1.0,1.0,1.0,1.0,1.0,1.0,1.0,1.000000',0.0,0.0,0.0,0.0,0.0,0.0,0.0,0.0,0.0,0.0,0.0,0.000000',99.2223,-0.8919,76.504,-2.4736,33.0598,-0.4547,58.2397,-1.0856,13.7163,3.3326,11.682,3.550300',drill,0
1686748831.6310835,38.5321,-0.2455,28.452,-0.2329,38.763,1.277,45.8155,-0.8604,35.4329,-4.1476,19.2288,-3.304600',1.0,1.0,1.0,1.0,1.0,1.0,1.0,1.0,1.0,1.0,1.0,1.000000',0.0,0.0,0.0,0.0,0.0,0.0,0.0,0.0,0.0,0.0,0.0,0.000000',105.6861,-0.8767,75.0483,-2.522,33.0128,-0.4502,58.5627,-1.1045,13.5872,3.333,11.758,3.558500',drill,0
1686748831.8417664,38.446,-0.2473,28.6522,-0.2526,38.8618,1.3483,44.8955,-0.8622,27.0967,-3.9096,18.9661,-3.307700',1.0,1.0,1.0,1.0,1.0,1.0,1.0,1.0,1.0,1.0,1.0,1.000000',0.0,0.0,0.0,0.0,0.0,0.0,0.0,0.0,0.0,0.0,0.0,0.000000',104.4441,-0.9143,76.1695,-2.5641,31.9807,-0.4575,54.4801,-1.1051,13.6698,3.3276,11.6842,3.549800',drill,0
1686748832.0525012,38.4518,-0.2346,28.5016,-0.2551,38.8153,1.3274,44.287,-0.8446,26.4727,-3.8994,18.8714,-3.313300',1.0,1.0,1.0,1.0,1.0,1.0,1.0,1.0,1.0,1.0,1.0,1.000000',0.0,0.0,0.0,0.0,0.0,0.0,0.0,0.0,0.0,0.0,0.0,0.000000',103.7041,-0.8524,74.9712,-2.5561,31.3974,-0.4669,55.4333,-1.1115,13.5443,3.3282,11.6362,3.549100',drill,0
1686748832.2651558,39.0441,-0.2607,28.6031,-0.2488,39.5049,1.3384,44.8121,-0.8263,20.2908,-4.0526,18.6025,-3.308900',1.0,1.0,1.0,1.0,1.0,1.0,1.0,1.0,1.0,1.0,1.0,1.000000',0.0,0.0,0.0,0.0,0.0,0.0,0.0,0.0,0.0,0.0,0.0,0.000000',104.6965,-0.8696,76.725,-2.5022,32.2771,-0.4611,54.9973,-1.1252,13.5174,3.3253,11.6817,3.550000',drill,0
1686748832.4758563,36.6671,-0.2681,28.2768,-0.2461,38.6497,1.3444,46.179,-0.8056,26.5097,-3.9031,16.8196,2.822300',1.0,1.0,1.0,1.0,1.0,1.0,1.0,1.0,1.0,1.0,1.0,1.000000',0.0,0.0,0.0,0.0,0.0,0.0,0.0,0.0,0.0,0.0,0.0,0.000000',105.7773,-0.8795,77.1648,-2.5385,31.4884,-0.4619,54.5772,-1.0987,13.6498,3.3325,11.6718,3.553500',drill,0
1686748832.6866202,39.647,-0.2288,27.922,-0.2346,38.8201,1.3351,44.7112,-0.8034,26.9499,-3.8961,18.8817,-3.308700',1.0,1.0,1.0,1.0,1.0,1.0,1.0,1.0,1.0,1.0,1.0,1.000000',0.0,0.0,0.0,0.0,0.0,0.0,0.0,0.0,0.0,0.0,0.0,0.000000',104.7352,-0.826,76.907,-2.5617,32.5259,-0.4535,55.1053,-1.1196,13.497,3.3253,11.5783,3.548400',drill,0
1686748832.8973355,38.7882,-0.2581,28.0026,-0.2423,40.168,1.3768,45.9738,-0.7589,26.4996,-3.905,18.5667,-3.322500',1.0,1.0,1.0,1.0,1.0,1.0,1.0,1.0,1.0,1.0,1.0,1.000000',0.0,0.0,0.0,0.0,0.0,0.0,0.0,0.0,0.0,0.0,0.0,0.000000',99.2596,-0.8734,77.0002,-2.5883,31.8943,-0.4649,51.3219,-1.0844,13.5214,3.3235,11.5961,3.551100',drill,0
1686748833.1080358,37.6109,-0.2416,28.3682,-0.2399,40.2461,1.3744,45.5403,-0.7705,24.1159,-4.2589,18.5622,-3.313000',1.0,1.0,1.0,1.0,1.0,1.0,1.0,1.0,1.0,1.0,1.0,1.000000',0.0,0.0,0.0,0.0,0.0,0.0,0.0,0.0,0.0,0.0,0.0,0.000000',108.6041,-0.9102,76.2629,-2.5698,32.0871,-0.4623,52.4769,-1.1103,13.4775,3.3168,11.6402,3.551500',drill,0
1686748833.3186717,37.4635,-0.2461,27.9674,-0.2267,39.7907,1.3723,45.6979,-0.7648,19.9826,-4.0603,18.6584,-3.307000',1.0,1.0,1.0,1.0,1.0,1.0,1.0,1.0,1.0,1.0,1.0,1.000000',0.0,0.0,0.0,0.0,0.0,0.0,0.0,0.0,0.0,0.0,0.0,0.000000',110.8216,-0.9538,75.8618,-2.5777,31.8106,-0.4633,51.5854,-1.0979,13.4391,3.3154,11.6438,3.549600',drill,0
1686748833.5293672,39.1287,-0.2492,28.3617,-0.2476,39.0816,1.3136,45.691,-0.7493,20.3372,-4.0582,18.6222,-3.312800',1.0,1.0,1.0,1.0,1.0,1.0,1.0,1.0,1.0,1.0,1.0,1.000000',0.0,0.0,0.0,0.0,0.0,0.0,0.0,0.0,0.0,0.0,0.0,0.000000',100.5586,-0.9586,75.0515,-2.5065,31.7554,-0.466,50.7984,-1.0899,13.5039,3.3199,11.5789,3.546400',drill,0
1686748833.7401624,37.4762,-0.258,28.1335,-0.2385,40.0472,1.3383,45.4708,-0.7876,34.5316,-4.1344,18.6507,-3.303100',1.0,1.0,1.0,1.0,1.0,1.0,1.0,1.0,1.0,1.0,1.0,1.000000',0.0,0.0,0.0,0.0,0.0,0.0,0.0,0.0,0.0,0.0,0.0,0.000000',102.5751,-0.863,77.712,-2.5688,32.2499,-0.4496,52.7807,-1.0954,13.5448,3.3195,11.674,3.549800',drill,0
1686748833.9507728,38.5495,-0.2598,27.686,-0.2254,38.7169,1.314,46.8574,-0.7466,26.6894,-3.8944,18.4873,-3.312000',1.0,1.0,1.0,1.0,1.0,1.0,1.0,1.0,1.0,1.0,1.0,1.000000',0.0,0.0,0.0,0.0,0.0,0.0,0.0,0.0,0.0,0.0,0.0,0.000000',111.4587,-1.0896,76.1891,-2.5354,32.2476,-0.4545,50.9183,-1.0931,13.4168,3.3173,11.6818,3.551500',drill,0
1686748834.1615086,38.3953,-0.2437,28.4666,-0.2485,39.752,1.3352,47.6914,-0.7305,26.6669,-3.9079,18.2477,-3.323500',1.0,1.0,1.0,1.0,1.0,1.0,1.0,1.0,1.0,1.0,1.0,1.000000',0.0,0.0,0.0,0.0,0.0,0.0,0.0,0.0,0.0,0.0,0.0,0.000000',99.7893,-0.8487,75.5927,-2.5215,32.1498,-0.441,50.1769,-1.0934,13.4708,3.3165,11.5811,3.548600',drill,0
1686748834.3721418,37.0269,-0.2526,27.5679,-0.2238,38.7946,1.3209,46.9768,-0.7311,26.709,-3.9074,18.5346,-3.319000',1.0,1.0,1.0,1.0,1.0,1.0,1.0,1.0,1.0,1.0,1.0,1.000000',0.0,0.0,0.0,0.0,0.0,0.0,0.0,0.0,0.0,0.0,0.0,0.000000',108.9939,-0.9756,76.5117,-2.5079,31.7686,-0.4644,50.0045,-1.0972,13.4381,3.3226,11.6579,3.548500',drill,0
1686748834.5828755,40.5975,-0.2582,27.8502,-0.2477,39.3698,1.3504,46.7202,-0.7336,19.9663,-4.0556,18.4024,-3.315300',1.0,1.0,1.0,1.0,1.0,1.0,1.0,1.0,1.0,1.0,1.0,1.000000',0.0,0.0,0.0,0.0,0.0,0.0,0.0,0.0,0.0,0.0,0.0,0.000000',98.4326,-0.8247,74.0571,-2.5168,32.1025,-0.4453,50.2111,-1.105,13.5008,3.3243,11.6284,3.548400',drill,0
1686748834.793547,36.7197,-0.2508,28.6502,-0.2456,39.4484,1.3246,46.3114,-0.7358,26.2782,-3.8957,18.678,-3.305700',1.0,1.0,1.0,1.0,1.0,1.0,1.0,1.0,1.0,1.0,1.0,1.000000',0.0,0.0,0.0,0.0,0.0,0.0,0.0,0.0,0.0,0.0,0.0,0.000000',100.927,-0.9169,74.3217,-2.4932,31.7589,-0.4515,49.6124,-1.1097,13.5058,3.3168,11.6316,3.552800',drill,0
1686748835.0041895,40.1131,-0.2716,28.1676,-0.23,39.0369,1.3112,46.725,-0.7476,26.4153,-3.8886,18.1539,-3.331100',1.0,1.0,1.0,1.0,1.0,1.0,1.0,1.0,1.0,1.0,1.0,1.000000',0.0,0.0,0.0,0.0,0.0,0.0,0.0,0.0,0.0,0.0,0.0,0.000000',109.2056,-0.9227,74.0158,-2.5035,32.338,-0.4479,48.7411,-1.1092,13.5572,3.3195,11.608,3.548100',drill,0
1686748835.2178617,37.8517,-0.2449,27.691,-0.2345,38.7808,1.3173,45.817,-0.7272,34.3094,-4.1516,18.1721,-3.317700',1.0,1.0,1.0,1.0,1.0,1.0,1.0,1.0,1.0,1.0,1.0,1.000000',0.0,0.0,0.0,0.0,0.0,0.0,0.0,0.0,0.0,0.0,0.0,0.000000',106.6615,-0.9134,77.8578,-2.5067,32.2733,-0.4476,48.1698,-1.1075,13.5204,3.3163,11.6446,3.549800',drill,0
1686748835.4286225,38.8169,-0.2794,27.6123,-0.2182,38.9559,1.2836,46.1891,-0.7386,21.1488,-4.0449,18.058,-3.325300',1.0,1.0,1.0,1.0,1.0,1.0,1.0,1.0,1.0,1.0,1.0,1.000000',0.0,0.0,0.0,0.0,0.0,0.0,0.0,0.0,0.0,0.0,0.0,0.000000',106.744,-0.9685,73.9189,-2.4896,32.1957,-0.4608,46.7722,-1.0884,13.4089,3.315,11.6512,3.549800',drill,0
1686748835.6402328,39.5113,-0.2637,27.4452,-0.2379,38.3384,1.2894,46.2038,-0.7297,34.5689,-4.1788,16.0827,2.807400',1.0,1.0,1.0,1.0,1.0,1.0,1.0,1.0,1.0,1.0,1.0,1.000000',0.0,0.0,0.0,0.0,0.0,0.0,0.0,0.0,0.0,0.0,0.0,0.000000',109.0318,-0.9119,76.1627,-2.4931,31.8297,-0.4459,46.8512,-1.1017,13.4524,3.3134,11.5498,3.547300',drill,0
1686748835.850912,38.4072,-0.264,27.7781,-0.2156,38.756,1.2575,46.3553,-0.7188,35.1411,-4.1662,16.1476,2.810700',1.0,1.0,1.0,1.0,1.0,1.0,1.0,1.0,1.0,1.0,1.0,1.000000',0.0,0.0,0.0,0.0,0.0,0.0,0.0,0.0,0.0,0.0,0.0,0.000000',110.0663,-0.8947,74.7024,-2.5207,31.9555,-0.45,46.8921,-1.1031,13.535,3.3177,11.6156,3.548300',drill,0
1686748836.0616264,36.5974,-0.2453,27.4068,-0.2281,40.3992,1.2866,47.0847,-0.7256,34.6697,-4.1664,17.9203,-3.324000',1.0,1.0,1.0,1.0,1.0,1.0,1.0,1.0,1.0,1.0,1.0,1.000000',0.0,0.0,0.0,0.0,0.0,0.0,0.0,0.0,0.0,0.0,0.0,0.000000',104.7557,-0.9078,77.5107,-2.5711,32.2854,-0.4453,48.7209,-1.11,13.4236,3.3123,11.6751,3.551600',drill,0
1686748836.2723424,40.6533,-0.2786,27.1495,-0.2172,38.5626,1.2933,44.7585,-0.7253,34.5443,-4.1524,18.0216,-3.326700',1.0,1.0,1.0,1.0,1.0,1.0,1.0,1.0,1.0,1.0,1.0,1.000000',0.0,0.0,0.0,0.0,0.0,0.0,0.0,0.0,0.0,0.0,0.0,0.000000',103.5312,-0.9054,77.6885,-2.5297,32.6206,-0.4417,48.1044,-1.1161,13.5378,3.3176,11.5974,3.545900',drill,0
1686748836.4830132,38.4119,-0.2391,27.6311,-0.2355,38.412,1.2598,90.0788,-0.3544,35.0334,-4.1638,18.078,-3.315300',1.0,1.0,1.0,1.0,1.0,1.0,1.0,1.0,1.0,1.0,1.0,1.000000',0.0,0.0,0.0,0.0,0.0,0.0,0.0,0.0,0.0,0.0,0.0,0.000000',104.6037,-0.8482,75.8185,-2.5181,33.097,-0.4494,50.3978,-1.1164,13.4521,3.3192,11.5828,3.548000',drill,0
1686748836.6937284,38.5591,-0.2614,27.8775,-0.2215,38.7281,1.2904,45.9242,-0.731,35.2139,-4.1573,15.953,2.806800',1.0,1.0,1.0,1.0,1.0,1.0,1.0,1.0,1.0,1.0,1.0,1.000000',0.0,0.0,0.0,0.0,0.0,0.0,0.0,0.0,0.0,0.0,0.0,0.000000',108.1079,-0.9121,75.1853,-2.5531,32.441,-0.4413,50.0101,-1.1042,13.4523,3.3147,11.5276,3.548900',drill,0
1686748836.9044087,38.8368,-0.2769,26.6914,-0.2026,38.6678,1.2779,45.7513,-0.7304,35.1856,-4.1689,18.0872,-3.320500',1.0,1.0,1.0,1.0,1.0,1.0,1.0,1.0,1.0,1.0,1.0,1.000000',0.0,0.0,0.0,0.0,0.0,0.0,0.0,0.0,0.0,0.0,0.0,0.000000',110.6899,-0.93,74.0939,-2.4865,31.8295,-0.4544,47.1702,-1.0929,13.4877,3.3159,11.6208,3.548800',drill,0
1686748837.115136,39.4232,-0.2662,27.4382,-0.2117,37.6633,1.2603,46.7094,-0.7167,34.7906,-4.171,17.709,-3.334500',1.0,1.0,1.0,1.0,1.0,1.0,1.0,1.0,1.0,1.0,1.0,1.000000',0.0,0.0,0.0,0.0,0.0,0.0,0.0,0.0,0.0,0.0,0.0,0.000000',104.0727,-0.8894,75.6838,-2.5155,33.0198,-0.4438,47.3289,-1.0991,13.5811,3.3149,11.6377,3.550200',drill,0
1686748837.3258564,41.1277,-0.265,26.9661,-0.2122,38.4586,1.2663,46.5607,-0.7242,35.1104,-4.1841,17.6156,-3.334600',1.0,1.0,1.0,1.0,1.0,1.0,1.0,1.0,1.0,1.0,1.0,1.000000',0.0,0.0,0.0,0.0,0.0,0.0,0.0,0.0,0.0,0.0,0.0,0.000000',105.6586,-0.8774,75.8281,-2.5345,32.6562,-0.4418,48.3056,-1.1077,13.3835,3.3138,11.5031,3.549400',drill,0
1686748837.5365405,38.4238,-0.2569,27.2368,-0.2371,37.4584,1.2298,46.7017,-0.7235,35.3918,-4.1557,17.8479,-3.329400',1.0,1.0,1.0,1.0,1.0,1.0,1.0,1.0,1.0,1.0,1.0,1.000000',0.0,0.0,0.0,0.0,0.0,0.0,0.0,0.0,0.0,0.0,0.0,0.000000',101.3167,-0.8428,74.5991,-2.4974,32.4098,-0.4548,47.8987,-1.0949,13.4545,3.3172,11.5464,3.550200',drill,0
1686748837.7472355,37.45,-0.2351,27.4005,-0.2217,36.9498,1.2243,44.9125,-0.718,34.6105,-4.1756,17.5031,-3.335300',1.0,1.0,1.0,1.0,1.0,1.0,1.0,1.0,1.0,1.0,1.0,1.000000',0.0,0.0,0.0,0.0,0.0,0.0,0.0,0.0,0.0,0.0,0.0,0.000000',107.3073,-0.8681,75.2738,-2.5052,32.7559,-0.4355,47.6895,-1.0965,13.438,3.32,11.4874,3.545100',drill,0
1686748837.9589517,39.9286,-0.2542,27.3087,-0.2134,38.2443,1.246,46.0245,-0.7168,35.1563,-4.1712,17.6722,-3.335900',1.0,1.0,1.0,1.0,1.0,1.0,1.0,1.0,1.0,1.0,1.0,1.000000',0.0,0.0,0.0,0.0,0.0,0.0,0.0,0.0,0.0,0.0,0.0,0.000000',110.7677,-0.9204,73.7158,-2.4821,32.1602,-0.4431,47.5429,-1.1103,13.5486,3.316,11.5454,3.546800',drill,0
1686748838.1706474,40.4149,-0.2557,27.1659,-0.2137,37.4009,1.2198,44.1031,-0.7659,35.2242,-4.1819,17.7516,-3.333900',1.0,1.0,1.0,1.0,1.0,1.0,1.0,1.0,1.0,1.0,1.0,1.000000',0.0,0.0,0.0,0.0,0.0,0.0,0.0,0.0,0.0,0.0,0.0,0.000000',104.8612,-0.8887,75.1131,-2.5063,32.562,-0.439,44.2322,-1.101,13.367,3.3176,11.5815,3.546100',drill,0
1686748838.381329,37.3033,-0.233,26.9346,-0.2162,36.8532,1.2155,48.031,-0.2456,25.6584,-4.265,17.9269,-3.321100',1.0,1.0,1.0,1.0,1.0,1.0,1.0,1.0,1.0,1.0,1.0,1.000000',0.0,0.0,0.0,0.0,0.0,0.0,0.0,0.0,0.0,0.0,0.0,0.000000',108.1805,-0.9463,76.3656,-2.5123,32.5337,-0.4392,41.9598,-1.0779,13.4499,3.3127,11.672,3.550400',drill,0
1686748838.592003,38.0941,-0.255,26.8428,-0.2228,36.4908,1.219,44.2043,-0.7836,35.9569,-4.1642,18.1155,-3.326200',1.0,1.0,1.0,1.0,1.0,1.0,1.0,1.0,1.0,1.0,1.0,1.000000',0.0,0.0,0.0,0.0,0.0,0.0,0.0,0.0,0.0,0.0,0.0,0.000000',103.2036,-0.9812,73.9457,-2.4793,32.9412,-0.4386,41.3143,-1.089,13.3819,3.3116,11.7332,3.549400',drill,0
1686748838.8026888,38.8668,-0.2389,27.4998,-0.2338,36.7436,1.2425,43.8108,-0.7562,35.266,-4.1799,18.0357,-3.326500',1.0,1.0,1.0,1.0,1.0,1.0,1.0,1.0,1.0,1.0,1.0,1.000000',0.0,0.0,0.0,0.0,0.0,0.0,0.0,0.0,0.0,0.0,0.0,0.000000',102.3701,-0.8602,76.466,-2.5265,32.3907,-0.4545,42.0894,-1.0848,13.4463,3.309,11.6659,3.549500',drill,0
1686748839.0134137,40.443,-0.2439,27.0305,-0.2326,37.0219,1.2273,44.5576,-0.7663,35.0951,-4.1739,17.8293,-3.328600',1.0,1.0,1.0,1.0,1.0,1.0,1.0,1.0,1.0,1.0,1.0,1.000000',0.0,0.0,0.0,0.0,0.0,0.0,0.0,0.0,0.0,0.0,0.0,0.000000',97.5537,-0.808,74.2388,-2.5285,33.1589,-0.4455,42.7836,-1.1014,13.3273,3.3081,11.7265,3.548600',drill,0
1686748839.224074,40.8536,-0.2492,26.8919,-0.2307,36.8864,1.2009,44.4432,-0.7492,35.0629,-4.1755,15.8467,2.800800',1.0,1.0,1.0,1.0,1.0,1.0,1.0,1.0,1.0,1.0,1.0,1.000000',0.0,0.0,0.0,0.0,0.0,0.0,0.0,0.0,0.0,0.0,0.0,0.000000',105.3374,-0.9031,75.217,-2.5221,31.452,-0.4672,44.2173,-1.0965,13.3535,3.3082,11.5222,3.544100',drill,0
1686748839.434807,38.4445,-0.246,26.5486,-0.2062,37.2422,1.1965,45.2252,-0.7386,27.0907,-3.9033,17.8717,-3.323300',1.0,1.0,1.0,1.0,1.0,1.0,1.0,1.0,1.0,1.0,1.0,1.000000',0.0,0.0,0.0,0.0,0.0,0.0,0.0,0.0,0.0,0.0,0.0,0.000000',103.3271,-0.8706,75.2579,-2.5464,32.9033,-0.4454,45.2274,-1.0945,13.3908,3.311,11.6164,3.549100',drill,0
1686748839.6455004,41.5991,-0.2657,27.2243,-0.2217,36.9234,1.2117,44.5257,-0.7537,25.7686,-4.2818,17.8493,-3.329400',1.0,1.0,1.0,1.0,1.0,1.0,1.0,1.0,1.0,1.0,1.0,1.000000',0.0,0.0,0.0,0.0,0.0,0.0,0.0,0.0,0.0,0.0,0.0,0.000000',106.7371,-1.021,77.3691,-2.5436,32.6038,-0.4421,44.9743,-1.0958,13.409,3.3122,11.6682,3.550700',drill,0
1686748839.8561938,38.6408,-0.24,26.9436,-0.2252,37.0883,1.2345,43.5405,-0.7574,34.1051,-4.1891,17.4677,-3.327900',1.0,1.0,1.0,1.0,1.0,1.0,1.0,1.0,1.0,1.0,1.0,1.000000',0.0,0.0,0.0,0.0,0.0,0.0,0.0,0.0,0.0,0.0,0.0,0.000000',105.5214,-0.8283,73.7469,-2.4827,32.6714,-0.4408,44.7359,-1.081,13.4886,3.3118,11.5717,3.549300',drill,0
1686748840.0668569,38.7688,-0.2599,26.0779,-0.2139,36.0977,1.2214,44.7594,-0.768,25.2065,-4.2755,17.6682,-3.330400',1.0,1.0,1.0,1.0,1.0,1.0,1.0,1.0,1.0,1.0,1.0,1.000000',0.0,0.0,0.0,0.0,0.0,0.0,0.0,0.0,0.0,0.0,0.0,0.000000',110.6552,-0.9195,76.0332,-2.5331,32.2016,-0.4564,41.7087,-1.0914,13.4071,3.3128,11.6121,3.551600',drill,0
1686748840.278549,39.7836,-0.2656,27.0607,-0.2281,36.0898,1.1837,43.5341,-0.7735,35.4094,-4.1901,17.6861,-3.339500',1.0,1.0,1.0,1.0,1.0,1.0,1.0,1.0,1.0,1.0,1.0,1.000000',0.0,0.0,0.0,0.0,0.0,0.0,0.0,0.0,0.0,0.0,0.0,0.000000',108.4741,-0.868,75.3254,-2.5255,33.7588,-0.4276,40.7425,-1.0745,13.4367,3.3139,11.581,3.546100',drill,0
1686748840.4892666,42.2067,-0.2708,26.6212,-0.2147,36.4396,1.1975,44.5503,-0.7872,25.7956,-4.2872,17.4547,-3.349600',1.0,1.0,1.0,1.0,1.0,1.0,1.0,1.0,1.0,1.0,1.0,1.000000',0.0,0.0,0.0,0.0,0.0,0.0,0.0,0.0,0.0,0.0,0.0,0.000000',104.5525,-0.8309,74.8007,-2.5026,32.6886,-0.4479,43.2,-1.0788,13.416,3.3158,11.6251,3.549300',drill,0
1686748840.6999383,38.9333,-0.2716,26.8919,-0.2259,36.22,1.1978,43.9055,-0.7734,25.5284,-4.2853,17.6083,-3.335500',1.0,1.0,1.0,1.0,1.0,1.0,1.0,1.0,1.0,1.0,1.0,1.000000',0.0,0.0,0.0,0.0,0.0,0.0,0.0,0.0,0.0,0.0,0.0,0.000000',108.7427,-0.8926,73.2762,-2.5165,33.1464,-0.4329,44.4461,-1.0668,13.4751,3.3169,11.7244,3.551000',drill,0
1686748840.9106057,38.5476,-0.2695,27.0323,-0.2217,36.0873,1.1726,90.8348,-0.4058,25.7442,-4.2932,17.4038,-3.343900',1.0,1.0,1.0,1.0,1.0,1.0,1.0,1.0,1.0,1.0,1.0,1.000000',0.0,0.0,0.0,0.0,0.0,0.0,0.0,0.0,0.0,0.0,0.0,0.000000',105.4121,-0.8838,73.1493,-2.503,32.9951,-0.4245,42.8654,-1.072,13.4781,3.3172,11.6055,3.550400',drill,0
1686748841.1232882,39.7985,-0.263,26.498,-0.2079,35.8691,1.1656,43.094,-0.8007,25.5243,-4.2748,17.7108,-3.328500',1.0,1.0,1.0,1.0,1.0,1.0,1.0,1.0,1.0,1.0,1.0,1.000000',0.0,0.0,0.0,0.0,0.0,0.0,0.0,0.0,0.0,0.0,0.0,0.000000',110.4616,-0.9217,73.3278,-2.4895,32.3203,-0.4408,43.1366,-1.0755,13.3969,3.317,11.6734,3.547700',drill,0
1686748841.333973,38.3386,-0.252,26.427,-0.2044,35.7426,1.1521,44.8652,-0.7737,35.4746,-4.1916,17.3334,-3.347700',1.0,1.0,1.0,1.0,1.0,1.0,1.0,1.0,1.0,1.0,1.0,1.000000',0.0,0.0,0.0,0.0,0.0,0.0,0.0,0.0,0.0,0.0,0.0,0.000000',101.0459,-0.8685,74.9151,-2.5264,32.5117,-0.4365,40.931,-1.0628,13.5819,3.3177,11.6524,3.548000',drill,0
1686748841.544683,37.8978,-0.2673,26.6158,-0.2182,35.2797,1.148,42.8462,-0.8072,25.5462,-4.2859,17.5742,-3.340800',1.0,1.0,1.0,1.0,1.0,1.0,1.0,1.0,1.0,1.0,1.0,1.000000',0.0,0.0,0.0,0.0,0.0,0.0,0.0,0.0,0.0,0.0,0.0,0.000000',105.1425,-0.8438,72.7031,-2.4503,33.2856,-0.4348,40.5363,-1.0629,13.4595,3.3127,11.6062,3.546400',drill,0
1686748841.7553897,38.7377,-0.2549,26.2756,-0.204,35.2234,1.1324,83.5095,-0.5439,35.4118,-4.1748,17.6013,-3.343300',1.0,1.0,1.0,1.0,1.0,1.0,1.0,1.0,1.0,1.0,1.0,1.000000',0.0,0.0,0.0,0.0,0.0,0.0,0.0,0.0,0.0,0.0,0.0,0.000000',113.6513,-0.9123,73.3775,-2.5116,33.7046,-0.4429,39.5324,-1.0671,13.2987,3.3084,11.6167,3.549300',drill,0
1686748841.9660797,39.8942,-0.2733,25.8076,-0.2084,33.8983,1.0951,87.3161,-0.4735,35.404,-4.1966,15.5548,2.799700',1.0,1.0,1.0,1.0,1.0,1.0,1.0,1.0,1.0,1.0,1.0,1.000000',0.0,0.0,0.0,0.0,0.0,0.0,0.0,0.0,0.0,0.0,0.0,0.000000',109.5733,-0.9914,73.896,-2.4824,33.4742,-0.4298,37.6539,-1.0435,13.372,3.3087,11.6822,3.548800',drill,0
1686748842.176774,38.917,-0.2415,26.1797,-0.2004,34.8889,1.1425,42.7413,-0.8138,25.9959,-4.281,15.7323,2.793700',1.0,1.0,1.0,1.0,1.0,1.0,1.0,1.0,1.0,1.0,1.0,1.000000',0.0,0.0,0.0,0.0,0.0,0.0,0.0,0.0,0.0,0.0,0.0,0.000000',98.6784,-0.8223,72.77,-2.4896,32.9781,-0.4367,37.6203,-1.0473,13.3366,3.3101,11.6455,3.550500',drill,0
1686748842.3874483,39.6129,-0.2391,25.8961,-0.2051,34.8009,1.1433,43.0835,-0.797,36.2603,-4.1913,17.539,-3.338900',1.0,1.0,1.0,1.0,1.0,1.0,1.0,1.0,1.0,1.0,1.0,1.000000',0.0,0.0,0.0,0.0,0.0,0.0,0.0,0.0,0.0,0.0,0.0,0.000000',103.7406,-0.851,73.0463,-2.5366,33.2736,-0.4317,36.7019,-1.0513,13.4251,3.3103,11.6215,3.547200',drill,0
1686748842.5981677,37.8289,-0.2524,26.005,-0.2058,34.6968,1.0957,42.3963,-0.8273,25.7899,-4.2807,17.264,-3.345100',1.0,1.0,1.0,1.0,1.0,1.0,1.0,1.0,1.0,1.0,1.0,1.000000',0.0,0.0,0.0,0.0,0.0,0.0,0.0,0.0,0.0,0.0,0.0,0.000000',106.8083,-0.8618,75.4764,-2.5132,32.5114,-0.4504,37.5408,-1.0416,13.3052,3.3063,11.612,3.546200',drill,0
1686748842.808843,40.2754,-0.2641,26.1788,-0.1969,34.6999,1.1594,43.571,-0.7981,35.3284,-4.1931,17.4363,-3.340100',1.0,1.0,1.0,1.0,1.0,1.0,1.0,1.0,1.0,1.0,1.0,1.000000',0.0,0.0,0.0,0.0,0.0,0.0,0.0,0.0,0.0,0.0,0.0,0.000000',111.2669,-0.9185,74.7409,-2.5317,33.4351,-0.4295,37.5439,-1.047,13.3925,3.3151,11.581,3.545200',drill,0
1686748843.0195158,38.3592,-0.2652,25.6893,-0.1889,34.3841,1.1341,83.7751,-0.5249,25.4103,-4.2794,18.0088,-3.340300',1.0,1.0,1.0,1.0,1.0,1.0,1.0,1.0,1.0,1.0,1.0,1.000000',0.0,0.0,0.0,0.0,0.0,0.0,0.0,0.0,0.0,0.0,0.0,0.000000',104.3543,-0.9107,74.456,-2.5217,33.3019,-0.4455,37.0967,-1.036,13.2641,3.3065,11.5436,3.543000',drill,0
1686748843.2302654,39.1356,-0.2474,25.6129,-0.1867,34.2519,1.1095,41.7314,-0.831,26.1035,-4.288,17.3999,-3.349200',1.0,1.0,1.0,1.0,1.0,1.0,1.0,1.0,1.0,1.0,1.0,1.000000',0.0,0.0,0.0,0.0,0.0,0.0,0.0,0.0,0.0,0.0,0.0,0.000000',97.2666,-0.8746,74.2435,-2.514,33.8219,-0.444,37.0624,-1.0523,13.3193,3.3093,11.6133,3.546800',drill,0
1686748843.4409745,39.2157,-0.2716,25.7674,-0.1965,34.4649,1.1387,41.439,-0.8385,36.1717,-4.1863,17.4731,-3.340800',1.0,1.0,1.0,1.0,1.0,1.0,1.0,1.0,1.0,1.0,1.0,1.000000',0.0,0.0,0.0,0.0,0.0,0.0,0.0,0.0,0.0,0.0,0.0,0.000000',100.4886,-0.8305,74.2104,-2.5173,34.225,-0.4289,36.6977,-1.0328,13.2939,3.3055,11.5996,3.550700',drill,0
1686748843.651602,37.1146,-0.2363,26.2642,-0.2036,34.0807,1.1141,85.8432,-0.5602,25.6334,-4.2853,17.3372,-3.341500',1.0,1.0,1.0,1.0,1.0,1.0,1.0,1.0,1.0,1.0,1.0,1.000000',0.0,0.0,0.0,0.0,0.0,0.0,0.0,0.0,0.0,0.0,0.0,0.000000',103.5606,-0.8205,73.4914,-2.5244,33.6854,-0.4334,37.7463,-1.0566,13.2159,3.3047,11.6263,3.546400',drill,0
1686748843.863349,39.3632,-0.2775,26.0623,-0.1999,34.4732,1.1109,42.3902,-0.8455,25.9777,-4.2994,16.8961,-3.352300',1.0,1.0,1.0,1.0,1.0,1.0,1.0,1.0,1.0,1.0,1.0,1.000000',0.0,0.0,0.0,0.0,0.0,0.0,0.0,0.0,0.0,0.0,0.0,0.000000',99.3637,-0.8746,73.5425,-2.44,33.39,-0.4263,37.66,-1.0498,13.3357,3.3071,11.5833,3.546700',drill,0
1686748844.077033,40.0857,-0.256,25.6599,-0.2026,33.3482,1.0993,42.6595,-0.864,25.7548,-4.2963,17.0639,-3.347400',1.0,1.0,1.0,1.0,1.0,1.0,1.0,1.0,1.0,1.0,1.0,1.000000',0.0,0.0,0.0,0.0,0.0,0.0,0.0,0.0,0.0,0.0,0.0,0.000000',102.9127,-0.8708,73.6612,-2.468,33.9303,-0.4366,36.7945,-1.051,13.4925,3.3121,11.5631,3.546000',drill,0
1686748844.2876923,40.8534,-0.2636,26.272,-0.2183,33.8151,1.0999,42.0449,-0.8821,26.2732,-4.3029,16.9069,-3.365300',1.0,1.0,1.0,1.0,1.0,1.0,1.0,1.0,1.0,1.0,1.0,1.000000',0.0,0.0,0.0,0.0,0.0,0.0,0.0,0.0,0.0,0.0,0.0,0.000000',107.914,-0.9307,76.1639,-2.5499,34.6677,-0.4339,36.5974,-1.0576,13.4815,3.3146,11.5171,3.545800',drill,0
1686748844.4984045,39.7839,-0.2569,26.2328,-0.2082,33.1522,1.0906,42.4939,-0.8732,25.5765,-4.2782,17.0034,-3.362800',1.0,1.0,1.0,1.0,1.0,1.0,1.0,1.0,1.0,1.0,1.0,1.000000',0.0,0.0,0.0,0.0,0.0,0.0,0.0,0.0,0.0,0.0,0.0,0.000000',102.009,-0.8989,74.5813,-2.4878,34.1525,-0.4411,36.7313,-1.0631,13.3972,3.3103,11.5893,3.548400',drill,0
1686748844.7090766,39.1539,-0.2487,26.568,-0.2146,33.3653,1.0725,41.66,-0.8767,36.0319,-4.2096,15.1994,2.791500',1.0,1.0,1.0,1.0,1.0,1.0,1.0,1.0,1.0,1.0,1.0,1.000000',0.0,0.0,0.0,0.0,0.0,0.0,0.0,0.0,0.0,0.0,0.0,0.000000',99.4832,-0.8201,75.5056,-2.5256,33.6349,-0.4323,35.9479,-1.0541,13.4292,3.3084,11.6111,3.549400',drill,0
1686748844.9197838,40.3061,-0.2653,25.8564,-0.1926,33.4209,1.0818,44.1579,-0.8564,36.0712,-4.2169,16.7194,-3.361600',1.0,1.0,1.0,1.0,1.0,1.0,1.0,1.0,1.0,1.0,1.0,1.000000',0.0,0.0,0.0,0.0,0.0,0.0,0.0,0.0,0.0,0.0,0.0,0.000000',108.6637,-0.8835,76.7941,-2.5232,33.5824,-0.4294,36.2344,-1.064,13.475,3.3097,11.5502,3.543800',drill,0
1686748845.1304717,39.0035,-0.2626,26.6251,-0.2231,33.2568,1.1056,88.4986,-0.6378,35.9621,-4.2115,15.0279,2.775500',1.0,1.0,1.0,1.0,1.0,1.0,1.0,1.0,1.0,1.0,1.0,1.000000',0.0,0.0,0.0,0.0,0.0,0.0,0.0,0.0,0.0,0.0,0.0,0.000000',102.5585,-0.8785,76.4108,-2.4906,33.3134,-0.4294,37.5837,-1.0812,13.388,3.318,11.5961,3.545200',drill,0
1686748845.341238,39.1647,-0.215,25.6625,-0.1847,34.2642,1.1181,41.5864,-0.9008,26.2172,-4.2967,16.8533,-3.366700',1.0,1.0,1.0,1.0,1.0,1.0,1.0,1.0,1.0,1.0,1.0,1.000000',0.0,0.0,0.0,0.0,0.0,0.0,0.0,0.0,0.0,0.0,0.0,0.000000',103.6028,-0.8952,76.2626,-2.5428,33.2215,-0.423,38.5635,-1.0839,13.5106,3.3115,11.5102,3.545500',drill,0
1686748845.551917,38.5654,-0.2244,26.1594,-0.215,33.6804,1.0995,42.015,-0.8749,35.3723,-4.1904,17.1193,-3.355600',1.0,1.0,1.0,1.0,1.0,1.0,1.0,1.0,1.0,1.0,1.0,1.000000',0.0,0.0,0.0,0.0,0.0,0.0,0.0,0.0,0.0,0.0,0.0,0.000000',111.056,-0.9156,73.8083,-2.5006,33.297,-0.428,37.5714,-1.0594,13.5298,3.3164,11.6473,3.546500',drill,0
1686748845.7625484,37.4226,-0.2498,25.9552,-0.2052,34.1028,1.1275,41.8817,-0.8674,26.3934,-4.2988,17.1253,-3.364600',1.0,1.0,1.0,1.0,1.0,1.0,1.0,1.0,1.0,1.0,1.0,1.000000',0.0,0.0,0.0,0.0,0.0,0.0,0.0,0.0,0.0,0.0,0.0,0.000000',105.4181,-0.8849,73.6876,-2.4755,33.1979,-0.4347,37.1084,-1.0635,13.5279,3.3125,11.6415,3.549500',drill,0
1686748845.9732342,39.0987,-0.2519,26.2685,-0.2138,33.5305,1.1186,41.5471,-0.8882,25.9587,-4.2905,16.6973,-3.366500',1.0,1.0,1.0,1.0,1.0,1.0,1.0,1.0,1.0,1.0,1.0,1.000000',0.0,0.0,0.0,0.0,0.0,0.0,0.0,0.0,0.0,0.0,0.0,0.000000',100.7325,-0.836,76.8274,-2.4949,33.2418,-0.4392,36.2698,-1.0516,13.4226,3.3108,11.5539,3.541800',drill,0
1686748846.1839426,39.6477,-0.2385,25.6945,-0.1857,33.0814,1.0852,41.2108,-0.904,26.2148,-4.2932,16.7632,-3.370100',1.0,1.0,1.0,1.0,1.0,1.0,1.0,1.0,1.0,1.0,1.0,1.000000',0.0,0.0,0.0,0.0,0.0,0.0,0.0,0.0,0.0,0.0,0.0,0.000000',110.8059,-0.9172,74.1752,-2.4862,34.3232,-0.4261,36.671,-1.0563,13.3434,3.3092,11.6239,3.546200',drill,0
1686748846.394626,40.0642,-0.2284,25.9277,-0.21,32.9948,1.0845,42.038,-0.8927,25.66,-4.2924,16.7975,-3.359700',1.0,1.0,1.0,1.0,1.0,1.0,1.0,1.0,1.0,1.0,1.0,1.000000',0.0,0.0,0.0,0.0,0.0,0.0,0.0,0.0,0.0,0.0,0.0,0.000000',109.2104,-0.8973,76.291,-2.521,34.1778,-0.4352,37.1359,-1.0693,13.2665,3.3061,11.565,3.542400',drill,0
1686748846.6053364,39.3826,-0.2667,26.0623,-0.2041,33.2667,1.0979,42.2444,-0.8807,25.805,-4.3038,16.8698,-3.366400',1.0,1.0,1.0,1.0,1.0,1.0,1.0,1.0,1.0,1.0,1.0,1.000000',0.0,0.0,0.0,0.0,0.0,0.0,0.0,0.0,0.0,0.0,0.0,0.000000',99.59,-0.8174,75.5135,-2.5118,33.7538,-0.4321,37.8477,-1.0861,13.5069,3.3106,11.6848,3.545400',drill,0
1686748846.816019,41.6598,-0.2658,26.3377,-0.1962,33.8572,1.0958,41.6686,-0.9182,25.5657,-4.2879,16.8841,-3.357200',1.0,1.0,1.0,1.0,1.0,1.0,1.0,1.0,1.0,1.0,1.0,1.000000',0.0,0.0,0.0,0.0,0.0,0.0,0.0,0.0,0.0,0.0,0.0,0.000000',104.5108,-0.8529,76.7496,-2.5006,34.0308,-0.4382,38.0745,-1.0879,13.4085,3.3096,11.64,3.546000',drill,0
1686748847.0297124,39.9362,-0.2638,25.3834,-0.1848,32.8467,1.0741,46.6193,-0.5377,36.7626,-4.2107,16.8408,-3.371200',1.0,1.0,1.0,1.0,1.0,1.0,1.0,1.0,1.0,1.0,1.0,1.000000',0.0,0.0,0.0,0.0,0.0,0.0,0.0,0.0,0.0,0.0,0.0,0.000000',112.5382,-0.9243,76.7734,-2.4724,34.4525,-0.4333,38.4252,-1.0865,13.5393,3.3127,11.6482,3.542500',drill,0
1686748847.240412,38.5519,-0.2815,25.3755,-0.2049,32.4294,1.0629,46.1344,-0.5059,25.924,-4.2876,16.9118,-3.364500',1.0,1.0,1.0,1.0,1.0,1.0,1.0,1.0,1.0,1.0,1.0,1.000000',0.0,0.0,0.0,0.0,0.0,0.0,0.0,0.0,0.0,0.0,0.0,0.000000',103.3806,-0.8038,74.9248,-2.4891,33.8716,-0.4275,36.9383,-1.09,13.4512,3.3167,11.6021,3.539400',drill,0
1686748847.45117,41.3668,-0.2502,25.6247,-0.197,32.8937,1.0886,41.4041,-0.9012,36.1192,-4.2065,16.8395,-3.368600',1.0,1.0,1.0,1.0,1.0,1.0,1.0,1.0,1.0,1.0,1.0,1.000000',0.0,0.0,0.0,0.0,0.0,0.0,0.0,0.0,0.0,0.0,0.0,0.000000',103.5882,-0.9081,76.7203,-2.4744,33.5844,-0.4229,36.729,-1.0874,13.4692,3.3101,11.7035,3.543400',drill,0
1686748847.6618276,42.0706,-0.2501,24.7994,-0.1964,33.0802,1.0896,41.8049,-0.9101,36.5997,-4.2039,16.7915,-3.361300',1.0,1.0,1.0,1.0,1.0,1.0,1.0,1.0,1.0,1.0,1.0,1.000000',0.0,0.0,0.0,0.0,0.0,0.0,0.0,0.0,0.0,0.0,0.0,0.000000',105.9177,-0.8935,75.4529,-2.4941,33.368,-0.4351,37.1558,-1.0679,13.4741,3.3103,11.7075,3.549700',drill,0
1686748847.8724866,39.8046,-0.2678,25.5359,-0.203,32.6372,1.0782,79.704,-0.7356,36.3022,-4.2239,16.9258,-3.365800',1.0,1.0,1.0,1.0,1.0,1.0,1.0,1.0,1.0,1.0,1.0,1.000000',0.0,0.0,0.0,0.0,0.0,0.0,0.0,0.0,0.0,0.0,0.0,0.000000',105.3652,-0.8902,77.1634,-2.5221,33.0968,-0.4301,36.7928,-1.0729,13.527,3.3124,11.5613,3.543900',drill,0
1686748848.0832355,37.8396,-0.2324,25.9365,-0.1955,32.8976,1.094,41.2317,-0.9109,26.0065,-4.2929,15.0553,2.778300',1.0,1.0,1.0,1.0,1.0,1.0,1.0,1.0,1.0,1.0,1.0,1.000000',0.0,0.0,0.0,0.0,0.0,0.0,0.0,0.0,0.0,0.0,0.0,0.000000',104.4479,-0.8683,73.4841,-2.4684,33.5275,-0.4193,35.988,-1.0618,13.5026,3.3101,11.6314,3.546800',drill,0
1686748848.293872,40.7055,-0.3035,25.2157,-0.1989,32.8658,1.0564,40.1408,-0.911,37.6217,-4.2346,17.686,-3.360100',1.0,1.0,1.0,1.0,1.0,1.0,1.0,1.0,1.0,1.0,1.0,1.000000',0.0,0.0,0.0,0.0,0.0,0.0,0.0,0.0,0.0,0.0,0.0,0.000000',106.7468,-0.9186,75.0475,-2.5225,33.5711,-0.4381,36.7053,-1.0371,13.9106,3.3148,11.5738,3.540600',drill,0
1686748848.5045798,40.9086,-0.3595,22.9411,-0.1696,35.9003,1.041,43.3869,-0.4271,47.3813,-4.2895,16.615,2.778000',1.0,1.0,1.0,1.0,1.0,1.0,1.0,1.0,1.0,1.0,1.0,1.000000',0.0,0.0,0.0,0.0,0.0,0.0,0.0,0.0,0.0,0.0,0.0,0.000000',106.1236,-0.8844,72.4484,-2.5491,33.8688,-0.407,49.3911,-1.0504,14.5852,3.3818,11.6033,3.542400',drill,0
1686748848.7152324,40.4648,-0.3473,24.7939,-0.2197,35.6476,1.1664,84.1116,-0.2628,33.0089,-4.3254,20.7962,-3.275200',1.0,1.0,1.0,1.0,1.0,1.0,1.0,1.0,1.0,1.0,1.0,1.000000',0.0,0.0,0.0,0.0,0.0,0.0,0.0,0.0,0.0,0.0,0.0,0.000000',107.3566,-0.9634,83.9769,-2.5965,30.0615,-0.5018,42.0049,-1.0455,14.0824,3.3303,11.8084,3.523100',drill,0
1686748848.9259217,38.6322,-0.3565,30.8577,-0.3477,35.951,1.5583,54.8135,0.8797,32.5403,-4.1689,25.8494,-3.085600',1.0,1.0,1.0,1.0,1.0,1.0,1.0,1.0,1.0,1.0,1.0,1.000000',0.0,0.0,0.0,0.0,0.0,0.0,0.0,0.0,0.0,0.0,0.0,0.000000',98.9365,-0.8946,97.3468,-2.8893,28.2373,-0.5806,34.1219,-1.0168,13.8588,3.3023,12.3802,3.509800',drill,0
1686748849.136757,39.3083,-0.3046,33.9818,-0.4088,30.104,1.2895,48.1587,1.1723,29.7374,-4.0642,27.0913,-3.029400',1.0,1.0,1.0,1.0,1.0,1.0,1.0,1.0,1.0,1.0,1.0,1.000000',0.0,0.0,0.0,0.0,0.0,0.0,0.0,0.0,0.0,0.0,0.0,0.000000',100.7462,-0.9554,111.2934,-3.0555,28.1538,-0.5954,25.7705,-0.9369,12.617,3.2272,13.4361,3.534100',drill,0
1686748849.3473933,38.3995,-0.2845,36.1825,-0.4176,28.382,1.1565,76.9558,0.4378,32.5923,-4.0372,28.76,-2.941400',1.0,1.0,1.0,1.0,1.0,1.0,1.0,1.0,1.0,1.0,1.0,1.000000',0.0,0.0,0.0,0.0,0.0,0.0,0.0,0.0,0.0,0.0,0.0,0.000000',102.5576,-0.9623,113.094,-3.1556,29.2567,-0.5921,21.5152,-0.928,12.102,3.2023,13.527,3.541700',drill,0
1686748849.5580122,45.3826,-0.3148,45.2668,-0.4511,26.0629,1.1424,106.5733,0.3037,32.0623,-4.0862,28.1703,-2.972200',1.0,1.0,1.0,1.0,1.0,1.0,1.0,1.0,1.0,1.0,1.0,1.000000',0.0,0.0,0.0,0.0,0.0,0.0,0.0,0.0,0.0,0.0,0.0,0.000000',109.9788,-1.0338,124.924,-3.5235,26.542,-0.5889,26.3111,-0.9808,13.0932,3.2304,14.3038,3.554600',drill,0
1686748849.7687452,57.4438,-0.3852,71.2189,-0.4955,27.7854,1.5182,90.0311,1.5785,33.8287,-3.8964,34.1358,-3.119200',1.0,1.0,1.0,1.0,1.0,1.0,1.0,1.0,1.0,1.0,1.0,1.000000',0.0,0.0,0.0,0.0,0.0,0.0,0.0,0.0,0.0,0.0,0.0,0.000000',112.1745,-1.0007,145.7685,-3.6145,26.9529,-0.5371,82.7064,-1.5328,22.8987,-2.579,17.0104,3.566600',drill,0
1686748849.9834485,62.628,-0.3961,75.3702,-0.6979,34.2194,2.7238,68.1175,1.895,40.6316,-3.8824,41.2288,-2.925600',1.0,1.0,1.0,1.0,1.0,1.0,1.0,1.0,1.0,1.0,1.0,1.000000',0.0,0.0,0.0,0.0,0.0,0.0,0.0,0.0,0.0,0.0,0.0,0.000000',114.2896,-1.0988,112.8741,2.1395,29.7017,-0.643,117.9682,-2.5852,33.8802,-1.2382,42.7512,-2.339800',drill,0
1686748850.1942236,72.9465,-0.4856,110.1127,-0.88,33.9497,2.8079,61.6568,1.8037,45.4199,-3.7527,48.422,-2.872100',1.0,1.0,1.0,1.0,1.0,1.0,1.0,1.0,1.0,1.0,1.0,1.000000',0.0,0.0,0.0,0.0,0.0,0.0,0.0,0.0,0.0,0.0,0.0,0.000000',147.0727,-1.3341,74.11,1.9589,34.8293,-0.8566,124.6966,-2.0323,32.408,-0.793,68.8923,-1.493300',drill,0
1686748850.404866,75.935,-0.5847,165.017,-1.277,43.8071,2.7507,44.9109,1.5863,41.7718,-3.6551,48.4568,-2.939500',1.0,1.0,1.0,1.0,1.0,1.0,1.0,1.0,1.0,1.0,1.0,1.000000',0.0,0.0,0.0,0.0,0.0,0.0,0.0,0.0,0.0,0.0,0.0,0.000000',147.9402,-1.5015,76.5634,1.9105,35.3219,-0.803,136.5219,-2.2392,33.7403,-0.8075,67.0192,-1.767600',drill,0
1686748850.6155517,88.1316,-0.6657,200.657,-1.4503,56.2585,2.635,41.9663,1.4976,38.2449,-3.7005,43.9566,-3.003100',1.0,1.0,1.0,1.0,1.0,1.0,1.0,1.0,1.0,1.0,1.0,1.000000',0.0,0.0,0.0,0.0,0.0,0.0,0.0,0.0,0.0,0.0,0.0,0.000000',150.0513,-1.4994,74.0778,1.9115,34.6544,-0.7941,140.4075,-1.9988,34.8971,-0.8042,65.5805,-1.602500',drill,0
1686748850.826202,79.9016,-0.6834,215.9716,-1.2382,73.377,2.4954,43.7141,1.4639,37.6175,-3.7134,41.8837,-3.054500',1.0,1.0,1.0,1.0,1.0,1.0,1.0,1.0,1.0,1.0,1.0,1.000000',0.0,0.0,0.0,0.0,0.0,0.0,0.0,0.0,0.0,0.0,0.0,0.000000',144.2651,-1.5232,72.9587,1.9389,34.6813,-0.8045,136.739,-1.9629,39.1005,-0.7815,64.1718,-1.446900',drill,0
1686748851.0370622,89.8774,-0.852,234.3524,-1.3194,84.1237,2.3898,47.0069,1.4534,37.835,-3.7224,40.2542,-3.096700',1.0,1.0,1.0,1.0,1.0,1.0,1.0,1.0,1.0,1.0,1.0,1.000000',0.0,0.0,0.0,0.0,0.0,0.0,0.0,0.0,0.0,0.0,0.0,0.000000',154.2763,-1.3594,69.1074,1.9346,35.2922,-0.7971,148.3694,-2.1298,39.4843,-0.7931,64.6459,-1.378700',drill,0
1686748851.2476008,82.9542,-0.7067,263.2001,-1.2857,83.9438,2.3561,46.4307,1.4743,26.2436,-3.5899,40.3852,-3.092700',1.0,1.0,1.0,1.0,1.0,1.0,1.0,1.0,1.0,1.0,1.0,1.000000',0.0,0.0,0.0,0.0,0.0,0.0,0.0,0.0,0.0,0.0,0.0,0.000000',147.3587,-1.7686,66.6922,1.9128,36.4634,-0.8003,144.2849,-1.8041,38.639,-0.7504,65.7327,-1.273300',drill,0
1686748851.458398,86.8292,-0.8156,317.1624,-1.3724,86.6183,2.3554,50.0313,1.435,27.2469,-3.5796,40.105,-3.065100',1.0,1.0,1.0,1.0,1.0,1.0,1.0,1.0,1.0,1.0,1.0,1.000000',0.0,0.0,0.0,0.0,0.0,0.0,0.0,0.0,0.0,0.0,0.0,0.000000',163.9926,-1.661,67.8253,1.9023,38.1428,-0.8011,143.7777,-1.8219,38.0151,-0.6782,60.0712,-1.102400',drill,0
1686748851.6691246,84.6059,-0.7771,307.8609,-1.3004,82.6349,2.4613,46.7915,1.4555,38.2722,-3.7238,39.7933,-3.093900',1.0,1.0,1.0,1.0,1.0,1.0,1.0,1.0,1.0,1.0,1.0,1.000000',0.0,0.0,0.0,0.0,0.0,0.0,0.0,0.0,0.0,0.0,0.0,0.000000',171.0577,-1.7791,71.9141,1.9056,38.0657,-0.8217,149.313,-1.7337,41.4441,-0.6754,58.4552,-1.083500',drill,0
1686748851.8798509,88.167,-0.8022,335.4818,-1.5478,77.8707,2.4514,49.2092,1.4167,39.2105,-3.733,39.6758,-3.055600',1.0,1.0,1.0,1.0,1.0,1.0,1.0,1.0,1.0,1.0,1.0,1.000000',0.0,0.0,0.0,0.0,0.0,0.0,0.0,0.0,0.0,0.0,0.0,0.000000',170.3307,-1.6234,71.5408,1.8804,38.788,-0.8094,176.5291,-1.7775,41.2525,-0.6564,59.39,-1.047000',drill,0
1686748852.0904698,83.8241,-0.8469,298.855,-1.3545,86.0506,2.4154,47.1682,1.434,37.6416,-3.7291,42.0313,-2.590700',1.0,1.0,1.0,1.0,1.0,1.0,1.0,1.0,1.0,1.0,1.0,1.000000',0.0,0.0,0.0,0.0,0.0,0.0,0.0,0.0,0.0,0.0,0.0,0.000000',149.4215,-1.8472,66.863,1.8819,37.6805,-0.8174,172.9759,-1.7873,43.5945,-0.6836,58.9797,-1.067700',drill,0
1686748852.301135,86.2696,-0.7929,363.7554,-1.0474,76.8436,2.5277,46.365,1.4182,26.9811,-3.5757,40.9429,-3.066400',1.0,1.0,1.0,1.0,1.0,1.0,1.0,1.0,1.0,1.0,1.0,1.000000',0.0,0.0,0.0,0.0,0.0,0.0,0.0,0.0,0.0,0.0,0.0,0.000000',170.7516,-1.6702,70.1199,1.8887,38.0072,-0.8069,170.0657,-1.655,43.2024,-0.6853,60.1081,-1.096100',drill,0
1686748852.5118134,91.1954,-0.8967,363.1909,-1.4363,77.3214,2.5244,45.1781,1.4373,37.2255,-3.732,41.0147,-3.045800',1.0,1.0,1.0,1.0,1.0,1.0,1.0,1.0,1.0,1.0,1.0,1.000000',0.0,0.0,0.0,0.0,0.0,0.0,0.0,0.0,0.0,0.0,0.0,0.000000',164.5715,-1.612,68.9684,1.909,37.7014,-0.8083,175.5058,-1.6002,43.247,-0.6884,59.3031,-1.108900',drill,0
1686748852.722504,88.7343,-0.863,284.0254,-1.4724,76.6986,2.5044,44.1699,1.4392,37.3441,-3.7267,40.5716,-3.078800',1.0,1.0,1.0,1.0,1.0,1.0,1.0,1.0,1.0,1.0,1.0,1.000000',0.0,0.0,0.0,0.0,0.0,0.0,0.0,0.0,0.0,0.0,0.0,0.000000',167.8446,-1.7043,72.3778,1.9148,38.1557,-0.8055,187.0655,-1.6063,43.8386,-0.6726,58.9788,-1.052700',drill,0
1686748852.9372518,86.1194,-0.8663,288.9875,-1.4996,72.3333,2.59,43.3954,1.4601,38.2399,-3.729,40.9256,-3.032100',1.0,1.0,1.0,1.0,1.0,1.0,1.0,1.0,1.0,1.0,1.0,1.000000',0.0,0.0,0.0,0.0,0.0,0.0,0.0,0.0,0.0,0.0,0.0,0.000000',172.2398,-1.6587,69.4385,1.921,38.2121,-0.8004,189.4965,-1.5045,44.472,-0.6846,60.504,-1.045500',drill,0
1686748853.1479404,85.8622,-0.8841,335.585,-1.4419,75.5051,2.6,45.1696,1.4497,37.8656,-3.7369,42.4387,-2.516900',1.0,1.0,1.0,1.0,1.0,1.0,1.0,1.0,1.0,1.0,1.0,1.000000',0.0,0.0,0.0,0.0,0.0,0.0,0.0,0.0,0.0,0.0,0.0,0.000000',170.3008,-1.6276,71.0438,1.9265,38.6675,-0.8053,194.9639,-1.5215,43.4596,-0.6748,59.7256,-1.091200',drill,0
1686748853.3585966,81.4177,-0.7192,361.374,-1.3901,74.3279,2.6189,45.7869,1.4505,26.56,-3.5753,42.3126,-3.006900',1.0,1.0,1.0,1.0,1.0,1.0,1.0,1.0,1.0,1.0,1.0,1.000000',0.0,0.0,0.0,0.0,0.0,0.0,0.0,0.0,0.0,0.0,0.0,0.000000',173.9931,-1.7274,68.9726,1.9043,38.4587,-0.8151,180.0042,-1.5552,44.036,-0.6833,58.4356,-1.030500',drill,0
1686748853.569318,85.4094,-0.75,319.4884,-1.525,69.7136,2.6309,45.6336,1.4365,26.4456,-3.5799,42.1272,-2.571100',1.0,1.0,1.0,1.0,1.0,1.0,1.0,1.0,1.0,1.0,1.0,1.000000',0.0,0.0,0.0,0.0,0.0,0.0,0.0,0.0,0.0,0.0,0.0,0.000000',169.8317,-1.7134,71.5789,1.9312,38.7025,-0.8035,174.1592,-1.4598,43.7345,-0.6879,60.1085,-1.080300',drill,0
1686748853.7800393,90.2904,-0.8694,283.9093,-1.5019,68.9453,2.6223,44.8766,1.4289,26.2133,-3.595,42.1815,-2.558100',1.0,1.0,1.0,1.0,1.0,1.0,1.0,1.0,1.0,1.0,1.0,1.000000',0.0,0.0,0.0,0.0,0.0,0.0,0.0,0.0,0.0,0.0,0.0,0.000000',185.0924,-1.5791,68.9393,1.9244,38.2292,-0.8038,196.7783,-1.4604,44.2998,-0.6886,61.1015,-1.040400',drill,0
1686748853.9907784,87.6745,-0.8659,323.0117,-1.3907,75.9219,2.5739,46.7697,1.3904,27.0085,-3.5911,41.8149,-3.033100',1.0,1.0,1.0,1.0,1.0,1.0,1.0,1.0,1.0,1.0,1.0,1.000000',0.0,0.0,0.0,0.0,0.0,0.0,0.0,0.0,0.0,0.0,0.0,0.000000',170.9436,-1.5415,71.1479,1.9096,38.4666,-0.8125,183.2416,-1.3617,44.972,-0.6873,59.3327,-1.051500',drill,0
1686748854.2014098,89.7444,-0.9361,307.1673,-1.5614,73.4144,2.6027,47.9651,1.4022,27.254,-3.5766,41.2481,-2.999000',1.0,1.0,1.0,1.0,1.0,1.0,1.0,1.0,1.0,1.0,1.0,1.000000',0.0,0.0,0.0,0.0,0.0,0.0,0.0,0.0,0.0,0.0,0.0,0.000000',168.5447,-1.7759,68.8614,1.9298,38.2808,-0.7981,194.9407,-1.3506,45.0624,-0.6631,61.4726,-1.079100',drill,0
1686748854.412101,84.8607,-0.806,330.414,-1.3418,70.8189,2.5591,46.3212,1.4162,38.5148,-3.7288,42.5066,-2.529700',1.0,1.0,1.0,1.0,1.0,1.0,1.0,1.0,1.0,1.0,1.0,1.000000',0.0,0.0,0.0,0.0,0.0,0.0,0.0,0.0,0.0,0.0,0.0,0.000000',168.5933,-1.6001,71.6938,1.9255,38.602,-0.8217,186.6797,-1.3689,44.4589,-0.6712,60.7262,-1.046900',drill,0
1686748854.622774,88.1744,-0.9711,285.2828,-1.2236,75.7703,2.5473,44.1241,1.4363,27.1129,-3.5826,42.7974,-2.554100',1.0,1.0,1.0,1.0,1.0,1.0,1.0,1.0,1.0,1.0,1.0,1.000000',0.0,0.0,0.0,0.0,0.0,0.0,0.0,0.0,0.0,0.0,0.0,0.000000',147.0375,-2.013,70.3792,1.913,37.9335,-0.8127,212.2124,-1.4445,43.6252,-0.6429,59.1944,-1.042800',drill,0
1686748854.8334868,81.0118,-0.7929,357.3773,-1.2938,75.3932,2.5905,44.9816,1.4125,27.0891,-3.5788,41.6966,-3.025000',1.0,1.0,1.0,1.0,1.0,1.0,1.0,1.0,1.0,1.0,1.0,1.000000',0.0,0.0,0.0,0.0,0.0,0.0,0.0,0.0,0.0,0.0,0.0,0.000000',175.7975,-1.6738,68.5408,1.9449,38.3889,-0.7947,215.3297,-1.3934,43.5064,-0.6488,59.2396,-1.065600',drill,0
1686748855.044207,88.5711,-0.8258,336.4277,-1.4065,73.8452,2.627,44.4197,1.4297,26.9759,-3.5768,43.0999,-2.527000',1.0,1.0,1.0,1.0,1.0,1.0,1.0,1.0,1.0,1.0,1.0,1.000000',0.0,0.0,0.0,0.0,0.0,0.0,0.0,0.0,0.0,0.0,0.0,0.000000',181.0597,-1.6629,67.4586,1.9248,38.9693,-0.8194,181.2444,-1.2046,44.244,-0.6444,58.6378,-1.037300',drill,0
1686748855.2549388,88.2645,-0.955,310.6368,-1.2777,72.5444,2.6322,44.1057,1.4378,27.0286,-3.5628,43.3005,-2.525500',1.0,1.0,1.0,1.0,1.0,1.0,1.0,1.0,1.0,1.0,1.0,1.000000',0.0,0.0,0.0,0.0,0.0,0.0,0.0,0.0,0.0,0.0,0.0,0.000000',151.5097,-1.7992,70.8889,1.9413,38.1353,-0.8003,163.5749,-1.0556,44.3622,-0.663,60.3824,-1.060100',drill,0
1686748855.4657457,87.6992,-0.8779,300.1551,-1.6201,73.5743,2.6595,42.5603,1.4403,26.4971,-3.5726,42.6118,-2.525700',1.0,1.0,1.0,1.0,1.0,1.0,1.0,1.0,1.0,1.0,1.0,1.000000',0.0,0.0,0.0,0.0,0.0,0.0,0.0,0.0,0.0,0.0,0.0,0.000000',184.1191,-1.7458,71.1216,1.9415,38.8505,-0.8059,211.9781,-1.1385,45.8517,-0.6758,60.8262,-1.065500',drill,0
1686748855.6762705,88.2082,-0.8198,379.0613,-1.585,67.2811,2.6868,48.3179,1.4105,27.2639,-3.5746,42.8405,-2.995600',1.0,1.0,1.0,1.0,1.0,1.0,1.0,1.0,1.0,1.0,1.0,1.000000',0.0,0.0,0.0,0.0,0.0,0.0,0.0,0.0,0.0,0.0,0.0,0.000000',151.7071,-1.8752,73.6044,1.9639,38.3584,-0.7962,243.0692,-1.1945,44.8154,-0.6664,60.3125,-1.054800',drill,0
1686748855.8899443,89.1182,-0.8347,267.5186,-1.3996,68.9093,2.7169,48.9424,1.4259,27.2646,-3.5856,43.3295,-2.560400',1.0,1.0,1.0,1.0,1.0,1.0,1.0,1.0,1.0,1.0,1.0,1.000000',0.0,0.0,0.0,0.0,0.0,0.0,0.0,0.0,0.0,0.0,0.0,0.000000',178.0459,-1.7897,69.0045,1.9461,38.1556,-0.8131,231.0764,-1.1741,44.7751,-0.6527,60.0787,-1.055800',drill,0
1686748856.1006377,102.0417,-1.0051,297.5096,-1.2063,68.5289,2.7536,48.5848,1.4127,26.8791,-3.5803,41.8681,-3.074500',1.0,1.0,1.0,1.0,1.0,1.0,1.0,1.0,1.0,1.0,1.0,1.000000',0.0,0.0,0.0,0.0,0.0,0.0,0.0,0.0,0.0,0.0,0.0,0.000000',169.8567,-1.6807,70.4696,1.9485,37.7324,-0.7856,287.2731,-1.2282,44.9186,-0.6519,61.6052,-1.068000',drill,0
