R1_1,R1_2,R1_3,R1_4,R1_5,R1_6,R3_1,R3_2,R3_3,R3_4,R3_5,R3_6,R4_1,R4_2,R4_3,R4_4,R4_5,R4_6,class,activity
0.0011114556623664,0.0002187299506658,0.0004385240385941,0.0003617050559313,0.0003421622250645,0.0006503246160353,0.0002681646918437,0.0006499456450457,0.0005372326971853,0.0001163387041755,9.412603911499798e-05,0.0005517454162783,0.0009203538650168,0.0011266432655349,0.0002459298063703,0.0002919416939887,0.0004309382089337,0.0016559109729271,1,drilling
0.0013767304469169,0.001183533218286,0.001192628601142,0.0008645727981535,0.0002102924174947,0.0011311565883819,0.0010964917089875,0.0003452883556577,0.0004963992439839,0.0008230088247944,6.968517818350238e-05,0.0001244561205304,0.0004992703164325,0.0002907145764288,0.0007594706368146,0.000554190246307,0.0012236135387943,0.0012804236665827,1,drilling
0.0006027352971614,0.0014584434762,0.0017014731354406,0.0014608429092803,0.0006911601856345,0.0013150056610993,0.0007616879492435,0.0003432270945939,6.088600078444306e-05,0.000128963649403,0.0006103863959521,0.0002547825876483,0.0004040008854083,0.0004041235636892,0.0005979176918463,0.0016174320355058,0.0029221319056186,0.0011252437981344,1,drilling
0.0006467348169947,0.0016220155522095,0.0011375303805926,0.0016445510186595,0.0001741662630508,0.0003238533784918,0.0004855099318096,0.0003024645110827,0.0002550979475354,0.0002826426385753,0.0002589459480888,0.0002090863578511,0.0009347489170933,0.0003254648940546,0.0011377318882469,0.0009074263591749,0.0021845465613161,0.0011529343158332,1,drilling
0.0004959190080945,0.0024356768197854,0.0013041694950842,0.0017168894015902,0.000259104182527,0.0011680804723343,0.0019095911698976,0.0006328341706151,0.0004505718206976,0.0005115313227253,0.0004062858928193,0.0002854372973609,0.0002647609946901,0.0006328187925918,0.0017188007583348,0.0004846903759103,0.0023646895103555,0.0018592634267637,1,drilling
0.0005485316383998,0.0002785303978606,0.0024424336702182,0.0013116648056329,0.0005267732782033,0.0004411365088103,0.0009431622154125,0.0005506221341838,0.000554074422279,0.0009028717642204,0.0009994743764254,0.0004937284148108,0.0001675189051366,0.0004918466337598,0.0002103689952116,0.0003156503881552,0.0004833230119704,0.0009323458175059,1,drilling
0.0009784634327667,0.0004835250445665,0.000477237330363,0.0002595393223744,0.0003062599440689,0.0009017107346228,0.0017304448056459,0.0009749941305353,0.0009229480511305,0.0002606244399995,0.0003919591462549,0.0002071142545163,0.0006440493287685,0.0007937768529748,0.0010951482305032,0.0001908543146797,0.0004860028742209,0.0009849806214912,1,drilling
0.0007859265700946,0.0002683857021381,0.0008637004659145,0.0012803751396729,0.000573063143994,0.001436767365381,0.0012710304701592,0.0004690807092293,0.0007507104536055,0.000652137053123,0.000756698331465,0.0004431636817081,0.0007834526035461,0.0004475313365917,0.0004098227799254,0.0003848859742585,0.0006206851519946,0.0008072386054436,1,drilling
0.0013224583177668,0.0002853503743055,0.00134749968738,0.0014442598038521,0.0004273782617295,0.0001354261898081,0.0015593595959636,0.0008748558893636,0.0007226729011176,0.000409304204954,0.0006680204323401,0.0006689843406152,0.000975493553402,0.0005764476849515,0.0005642804281872,0.0002355686354778,0.0007612076986415,0.0003091886188782,1,drilling
4.656612875245797e-06,4.656612875245797e-06,4.656612875245797e-06,4.656612875245797e-06,4.656612875245797e-06,4.656612875245797e-06,0.0015874638613851,0.0006858900146554,0.0003604695274201,0.0006938347853098,0.0003329636548861,0.0006096564336037,0.0005050750445551,0.0003540989341799,0.0003122500340898,0.0005184212703685,9.7087701009648e-05,0.0002174837160155,1,drilling
0.0002799864979311,0.0013798666690032,0.0008105139874451,0.0001632802505973,0.000420228859158,0.0014789611126401,0.0006152768567425,0.0005119908251244,0.0004305598276658,0.0004163551289414,0.0008616423040177,0.0007047921141656,0.0011752492968189,0.0006793698409928,0.000236533805234,0.0003991193670637,0.0001901163454999,0.0002419051871971,1,drilling
0.0016847405634311,0.0011119103275454,0.0008171779299526,0.0015825889889788,0.0008972194719953,0.0006652286640379,0.0004193463773819,0.0004974245099858,0.0006546521414195,7.719988781003505e-05,0.0006653016451046,0.0016416536114163,0.001165428631831,0.0008458469338471,0.0001476891739552,0.0003062632363142,0.0001772837407833,0.0001149577811226,1,drilling
0.0006439830091522,0.0002979052583227,0.0010954343501264,0.0010498563114159,0.0002980051505422,0.0002552038163587,0.0007612096107889,0.0006557908992355,0.0003133992010702,0.0006495330247272,0.0003657597519505,0.0004753709592933,0.0011048877693674,0.0001854240594466,0.0001561023564399,0.0002391442500419,0.0009785968154698,0.0006417579444339,1,drilling
0.001153848905332,0.0005594166179741,0.0012215123471078,0.0009198940613203,0.0006720006494214,1.0364490805097416e-05,0.0003637825777757,0.0004118453137007,0.0005281376977505,0.0007849640451143,0.0008091217145612,0.0005270426923027,0.0013201093578592,0.0003316473817583,0.0006347032641646,0.0003869341470197,0.0008177938196213,0.0004246960768699,1,drilling
0.0011160437765939,0.0004800652427867,0.0018698023001933,0.0006210489255512,0.0004443275961606,0.0008358255561854,0.0010231318865088,0.0001622913276367,0.0004734032581505,0.0002072303798576,0.0011930511926336,0.0008381812338932,0.0010445712275362,0.0006140020716429,0.0007763018037838,0.0004399274647596,0.0007091844492303,0.0008816563289523,1,drilling
0.0010830510631499,0.0005313890728233,0.0015955342909836,0.0015248625793843,0.0008379840048965,0.0002893623429113,0.0012346962486717,0.0002217631036047,0.0001126753872684,0.0008782883004181,0.0003110717142241,0.0012330901720617,0.0006579146041317,0.0011199256727729,0.0004102955798077,0.0002976321133144,0.000538066394918,0.0003754702154309,1,drilling
0.000603636402269,0.0007713820350523,0.00119977199533,0.0010776471729273,0.0008567272709826,0.0016564505081576,0.0004371323088904,0.0002772659371559,0.0006799694992881,0.0003117322133002,0.000613654073135,0.0002611158860502,0.0005814568074695,0.0008067122330004,0.0005291903234585,0.0001614037347371,0.0005844222825021,0.0004210522060946,1,drilling
0.0002894151781706,0.0007403279119613,0.0017205206846158,0.0012883901616465,0.0008379259355589,0.0008242191183229,0.000961681326697,0.0003190531930588,0.000396008221289,0.0001373051634581,0.000585301145048,0.0002366156242596,0.0003899080869666,0.0005987202952409,0.0005848747756785,0.0014307420686813,0.0002428075133482,0.0004948683390412,1,drilling
0.0011481503126241,0.0001702952410296,0.0010276201693887,0.0016497640095072,0.0013064369323449,0.0009940275840666,0.0008713029743495,0.0001307536236143,0.0004226289039288,0.0008138759335665,0.0006382311703934,1.6646281491633e-05,0.0014467211656174,0.0004793354646505,0.000528661124994,0.0005639244131506,0.0005540615900404,0.0003264955586156,1,drilling
0.000892930969114,0.0015875097274658,0.0011240485350668,0.0009553907060738,0.0005586820645402,0.0009260887632001,0.0010085029912702,0.0004864566101621,0.0006042410348908,0.0006838068787142,0.0005564423701262,0.0009338325477622,0.0009709258204905,0.0006917780244811,0.0005685936609084,0.0010694728493462,0.0013955370724423,0.0004683652306448,1,drilling
0.0001152824064464,0.0010086306507523,0.0011594089982196,0.0009355277321292,0.0005006288148228,0.0003012102083995,0.0009111822379966,0.0005318709576809,0.0004752460943087,0.0002358944551592,0.0005187774076589,0.0012184745600179,0.0004509082035217,0.0006510044966833,0.0005272683413587,0.0015460724965762,0.0005888823025674,0.0003707687957718,1,drilling
0.0013005592404734,0.0012936131987872,0.0005886779799585,0.0009730110098141,0.0004873390769817,0.0019311461429604,0.0005898332217073,0.0008073727340377,0.0005411856045278,0.0003352936162844,0.000450009076683,0.0006986460240054,0.0017705159867855,0.0003009295774834,0.0005680245141203,0.001195667522645,0.0018584517647207,0.0004593792096362,1,drilling
0.0008794633092744,0.0006600085444706,0.0009450521182067,0.0012724069269324,0.0005764623393983,0.0006455140741756,0.0004203277741202,0.0004369127292164,0.00069242036508,0.0003274289060983,0.0006330216503532,0.000858040760025,0.0011156142259556,0.000798230100363,0.0010387473537911,0.000586516421492,0.0007190948149524,0.0007532763755956,1,drilling
0.0006854888656386,0.0010707570155731,0.0007610095827087,0.0003030469889811,0.0011077257780527,0.0015044122908077,0.0008941548649401,0.0007284870489572,0.0006264421088872,0.0005369269351974,0.0008312073128289,0.0003025416066562,0.0005106189856104,0.0002079120515389,0.0002524228109344,0.0007508576295845,0.0001439012823388,0.0001653310480614,1,drilling
0.0004071576689572,0.0007516068038153,0.0010262548839469,0.0013883669014996,0.000830048278928,0.0018647855207609,0.0008191324437227,0.0005170148287608,0.0003726937431652,0.0003703667627237,0.0007356714738383,0.0014439405252449,0.0011421098766806,0.000725933208918,0.0006287338934094,0.0001251635982101,3.156063655152831e-05,0.0005635933040832,1,drilling
0.0012722970050128,5.705050671661036e-05,0.001635979776018,0.0013409492096713,0.0008578951576622,0.001763138245025,0.000515680742671,0.0008369884619466,0.0011947651127631,0.0002693141395659,0.0002692424408905,0.0014997227762448,0.0007047364349159,0.000460999043012,0.0007685600527847,0.0009487269081056,0.000375190470132,0.0001700164671149,1,drilling
0.0005945940224987,0.0009570723386856,0.0011148648610984,0.0012235940751127,0.0003035754140829,0.0018928309406688,0.0004885252263679,0.0004152148334004,0.000642918458909,0.0008435313461309,0.0006609460901304,0.001147835074006,0.0004026838394679,0.0003374067095753,0.0003409330608278,0.0007926232770945,0.0004228963707244,0.0003867434703102,1,drilling
0.0022921506447246,0.0005345212533668,0.001472426169607,0.0016290608822407,0.0002965097130058,0.0005649022716245,0.0012109560522251,0.0002954617198023,0.0008194473204769,0.0003480265260249,0.0006503861993251,0.0004302492593151,0.0004151362151176,0.0002563231459749,0.0001910891973416,0.0004717219663182,0.0004794199402259,0.0006022993016761,1,drilling
0.000506685923434,0.0013586404574053,0.0020169598082435,0.0008069001582896,0.0012476192306032,0.0018705829690528,0.0009790251689748,0.0004065300928819,0.0003471779329261,0.0003190392681188,0.0001938288799952,8.819689604253912e-05,0.0007278930509651,0.0004178013629432,0.000216602729151,0.0005459244474412,0.0008233519745709,0.000318528206023,1,drilling
0.0023598987131472,0.0009398172074327,0.0016531097888069,0.0008164199690446,0.00027113544148,0.0007514573011441,0.0006784580412712,0.0004911226873094,0.000768824947939,0.0007669698012543,0.0006424555989298,0.0007891506931386,0.0022327194768827,0.0009143811025223,0.0002216358132622,0.0007846137864174,0.0001259578305779,0.0005677442035303,1,drilling
0.0008866038939288,0.0011599947057841,0.0016533792840503,0.0011428644571896,0.0007316660225566,0.0014694796425637,0.0014674674930269,0.0002278422604285,0.0004551312498395,0.0003404917293026,0.0008396748375984,0.0003173152993317,0.0011180024783878,0.0005068825012907,0.0001701320437324,0.0009240900669928,0.0007428704126451,0.0007752361059084,1,drilling
0.0018466818266933,0.0012605781414741,0.0001703100818629,0.0008688557777605,0.0010967769673327,0.0011645857847864,0.0008472567985368,0.0005144875845142,0.000406093316508,0.0008620055783829,0.0008602733673473,0.0004953347638271,0.0018469812937734,0.0004376840926649,0.0003932389793104,0.0012459803117667,0.0009982451847896,0.0006638538294773,1,drilling
0.0013451724652343,0.0014783637765394,0.0006970969467362,0.0010196544513422,0.0004838170689597,0.0016530999508864,0.0004119011420782,0.0001263062960265,0.0006815552409042,0.0003233287757986,0.0004335589921175,0.0006390303506826,0.0015505993919479,0.0008244599457571,0.0002148694054909,0.001065568818217,0.0010768419327417,0.0003213445776942,1,drilling
0.0010856050614381,0.0012645706997451,0.0013689072164271,0.001750207880941,0.0013840219373013,0.0017563540057956,0.0004357791788368,0.0002704192127874,0.0005685619470699,0.0001961154972015,0.0003017101656292,0.0005519684658207,0.0002395571584697,0.0006526377398476,0.000848426990906,0.001285135937824,0.0012359312402013,0.000470558894563,1,drilling
0.0003725751597732,0.0015091633379553,0.001373710343558,0.0011112034644657,0.0011799330671168,0.001794175746691,0.0007932657449764,0.0004586215158064,0.0001469238156673,0.0002476297744692,0.0003951588926003,0.0011474449556311,0.0013110316363733,0.0003519581986286,0.0007180399347962,0.0018780189154065,0.0007900388114466,0.0005495235273827,1,drilling
0.0004262948193584,0.0014570016944929,0.0009027079432882,0.0007337628732275,0.0007117356164103,0.0024360482522693,0.0012677496037331,0.0002897183505951,0.0010783939565077,0.0002609471028126,0.0008192059224,0.0013677031668346,0.0015238332085313,0.0008127240731064,0.0009793719777192,0.0011369967368193,0.0010225638949049,0.0006781232423893,1,drilling
0.0006931012719378,0.0008154522326837,0.0009864931333172,0.0017308021160094,0.0006560666416749,0.0006508233273043,0.0007577944271949,0.0008495177075594,0.0004281711986019,0.0003011618130073,0.0007537555303985,0.0002713269199608,0.0014000758841129,0.0004741749616463,0.0006016762821556,0.0009846595943163,0.0016580841467755,0.0001338073395894,1,drilling
0.0013516450601698,0.0010365078805694,0.001597529325047,0.0018765785544227,0.0002663994928393,0.0016362884265974,0.0003885845063274,0.0002738494080197,0.00087614621829,0.0001722580896102,0.0006792541056325,0.0013046539092388,0.0006359600965565,0.0010910335480814,0.0005650652585391,0.0008019315001339,0.0011966868527793,0.0008735482174593,1,drilling
0.0010898170545906,0.0014395763729815,0.0023020358514459,0.0013973396888068,0.0006026787019192,0.0001424265953979,0.0008281626309335,0.0001721109816358,0.0005022320699886,0.0004884618950387,0.0002163958317748,0.0005481805476488,0.0009420574383724,0.0006735570656405,0.0002341496273251,0.0011514737193971,0.0011875126395876,0.0007601630762644,1,drilling
0.0008219526454997,0.0007660804108642,0.0024020451973628,0.0008571967625735,0.0003803611186496,0.0008871513340005,0.0016897226506138,0.0003476198728024,0.0009112181063411,0.0008193451318486,0.0010318716252638,0.0017602841521089,0.0014102339549926,0.0002399168755203,0.0004732119002192,0.0009219106635378,0.0008196322916435,0.0004953295377881,1,drilling
0.0013936011964902,0.001194809794047,0.0029773894071035,0.001695183035693,0.0009571905156586,0.0016770526537513,0.0004282738700047,0.0003356886479733,0.0007584587299472,0.0005039196889082,0.0003761785674518,0.0003836320324307,0.0010655685911297,0.0003021880682552,0.0006327681385043,0.0011560012068652,0.0004234848970252,0.0003529898558481,1,drilling
0.0005878122076369,0.0011145565770095,0.0021246150463112,0.0019302485388018,0.000432085381454,0.000358001972376,0.0006690027350169,0.0003850133255037,0.0010951429533902,0.0005071944004115,0.0005128261407586,0.0003282199401819,0.0004868069001567,0.0005992004508863,0.0003990483335721,0.0012576085316162,0.0004115895890389,0.0001862449048981,1,drilling
0.0007650994089836,0.0010658066317686,0.0021651240518651,0.0011654010605382,0.0003615169148522,0.0012119067413524,0.0006134527112309,0.0002402725132401,0.0011182422662923,0.0005290877918018,0.0004059940968458,0.0013408111263725,0.0008282878180894,0.0005237151852474,0.0003528040602102,0.0004799976115318,0.0010510109201085,0.0002395826585088,1,drilling
0.0013959085640805,0.0009453126248108,0.0014798142241223,0.0020101734880228,0.0008239349137558,0.0013390127111137,0.0004753626886589,0.0010573010656325,0.0008153233168689,0.000820874779985,0.0008712597797821,0.0013049642798652,0.0010335093709844,0.0005698211872623,0.0009371186805518,0.0007226726399896,0.0004047992185755,0.0005861679143641,1,drilling
0.0003588019058983,0.0006115650622664,0.0009747803844163,0.0009485692398156,0.0010328328259886,0.0011384149825429,0.0012444037607374,0.0004021175671935,0.0006254969964572,0.0003216185492083,0.0011080231736398,0.0011851988105818,0.0017559919273539,0.0006394661225236,0.001197753110984,0.0006860338128229,0.0026102334201235,0.0010309109366145,1,drilling
0.0011627147156197,0.0013041979000327,0.0013751743893022,0.0009915057700678,0.0008937362761208,0.0012221200801417,0.0007869494196916,0.0004798205010698,0.000608639911343,0.0008796068860904,0.0015740783299154,0.0007322024466544,0.001954751796368,0.0010819608029404,0.0024884188984466,0.001190670666685,0.0051330275417725,0.0070254271284058,1,drilling
0.0018924784579177,0.0042871278129989,0.0080347874155945,0.0006178302345851,0.003187578135509,0.0073509250771663,0.0009446843837814,0.0004470771526407,0.0010025953182407,0.0009955593077079,0.0012162588510197,0.0003603627497926,0.0044073949034648,0.0046867406015619,0.0139097535191676,0.0068977409898258,0.0340678358747938,0.0416861201894217,1,drilling
0.0033755479358186,0.0049088283314008,0.0283482066924446,0.004817798102462,0.0081960427866217,0.021144823007259,0.000730073288407,8.212278463317797e-05,0.0004040583132108,0.0005867169052795,0.0016450926475051,0.0005612524550585,0.0028696850205024,0.0018902405368888,0.0054347028603384,0.0108820559250618,0.0312941051294167,0.0207804298224104,1,drilling
0.0039173010735755,0.0049593949538156,0.0180206805329796,0.0041303693252339,0.008011754846711,0.0166948531437243,0.0007916815799684,7.183024203745965e-05,0.000822826592011,0.0012492677729265,0.0006129602726349,0.0007392845691867,0.0032602207104216,0.0013735120400691,0.0045305326184756,0.009057331094361,0.0208487961905079,0.0152351236634987,1,drilling
0.0038459260489955,0.0049193594010187,0.0145632906046386,0.0038950062125349,0.0068528306644984,0.0158722852440125,6.893366893552188e-05,0.000517162690332,0.0006945164040607,0.0012695576949859,0.0010818687985251,0.0005223899465427,0.0029762595679304,0.0014703962188467,0.0042748451864815,0.0083490295088098,0.0173111012630179,0.0128283413980839,1,drilling
0.0039678398643316,0.0048290189268567,0.0112922003642863,0.0032512754753689,0.0072980821369952,0.0144715077719232,0.0004920158375961,0.0004237652106814,0.0003361179359858,0.0007754852967599,0.0003441251081972,0.0009345050281977,0.0019634083512396,0.0013963605816344,0.0036492021931705,0.0073689795437127,0.0143092837201848,0.0118641835721395,1,drilling
0.0036640934959409,0.0053252644925741,0.0128071966199246,0.004143827272019,0.0065790209495764,0.0146220849045982,0.0010405192773884,0.0004861442566966,0.000684875872412,0.0010919669885275,0.0011042282112861,0.000499961277999,0.0024228615400047,0.0019160325556923,0.0041442617515722,0.006896822840622,0.0118954579572881,0.0110147322043232,1,drilling
0.0028943224969899,0.0049867626385759,0.011775872179973,0.0036269099307695,0.0065686147645381,0.0123639960435212,0.0007528017398753,0.0005095760032099,0.0006059944975699,0.001939644470927,0.0013022389915877,0.0006750066437528,0.0020274294991803,0.0018164918202465,0.0047818061838317,0.007447497007968,0.0107763614046771,0.0113779622524724,1,drilling
0.0057748456961229,0.0046820622236705,0.0118663657356316,0.0035434103198282,0.0059302062169909,0.0115947809571955,0.0008851270595468,0.00025601552642,0.0008429233424439,0.0009958295653632,0.0005537154054533,0.0008640404675081,0.0022498083725718,0.0020178230272349,0.0045618752226765,0.0079619355783868,0.0107268744676788,0.0117344035109335,1,drilling
0.0045647155702904,0.005528994878492,0.0122662813418821,0.0038767428382021,0.0051568481138054,0.0117063668588071,0.0009467841954071,0.000967795538869,0.000662407606559,0.0003940999765431,0.000738393742556,0.0008627291764568,0.0024667129422014,0.0016922638496565,0.0046623437415495,0.0071110352600683,0.0093737316169405,0.0111935829427705,1,drilling
0.0035823034210997,0.0043367165504715,0.0124232553401363,0.0040948498254775,0.0055089437702109,0.0107359608523923,0.0007489422688337,0.0008101924150272,0.0004786627006589,0.0009526821814135,0.0008742177281214,0.0005739780177898,0.0024214212483588,0.0016753230609224,0.0042901036746454,0.0070350797215234,0.0091392557538469,0.0107059618289636,1,drilling
0.0039918470515818,0.0043045003551212,0.0130047129079578,0.0039832956513564,0.0051861086966893,0.0110099783433725,0.0009832257749883,0.000493703503004,0.0002400464845216,0.0013576316821273,0.0007885445919206,0.0011564818203949,0.0014604793556131,0.0017414458005469,0.0046265003162212,0.0068113348785981,0.0089641961043396,0.011208073399431,1,drilling
0.0033012114455641,0.0044508338637243,0.0123122686832521,0.0037605662510238,0.0048097503258605,0.0100768054108414,0.0009358038555118,0.000575400412516,0.0010910728311845,0.0015390660362446,0.0007123566524708,0.0011878726282192,0.0022138759100413,0.0015530395624404,0.00455199493454,0.0064350064350064,0.0087779203702175,0.0110429515600929,1,drilling
0.0045094283127162,0.0030700188407056,0.0123963663770875,0.0032277899806171,0.0051267906598077,0.0089294803221042,0.000862153099768,0.0001791439855452,0.0006220552294223,0.000769787740268,0.0012407061801808,0.0004465968427389,0.0025017969156346,0.0014587198333091,0.004561896033477,0.0063817064555427,0.0083356395269357,0.0106053198405384,1,drilling
0.00345149527404,0.0044639628741135,0.0125478071452233,0.0036209987511175,0.0049256061081456,0.0093392307462418,0.0006155171125452,0.0005660878079178,0.000233238648549,0.0010828392608495,0.0006518753116371,0.0014515996047003,0.0024814074344455,0.0014952546598116,0.0041859254118322,0.0063396546029379,0.0083467925362981,0.0113036116169477,1,drilling
0.0034091435958555,0.0044655875127883,0.0112882743050656,0.0039278485641553,0.0050490489863781,0.0103280391804494,0.0007468612967289,0.0006628262074323,0.0005448151009234,0.0004271003181342,0.0009790948561783,0.0008924052033648,0.0019683152422198,0.0013649750939819,0.0043061185207449,0.0069476625631455,0.0084166369980212,0.0107029826001611,1,drilling
0.0041480316345484,0.0046324198047064,0.0116674814457876,0.0037766290111576,0.0045424730313376,0.0086799151104302,0.0006573550137781,0.0005646223235631,0.000321289331517,0.0009638460387036,0.0008477845989584,0.0007851435144201,0.0021975225570196,0.0015369718580452,0.0042683275582861,0.0055330360986341,0.0081193742885398,0.0108192088561716,1,drilling
0.0030700216682129,0.0042211529572764,0.0113275426935084,0.0032205673158149,0.0044557878902379,0.0085469647164202,0.0011918573260966,0.0001246914758812,0.0006042715228826,0.0006222347885994,0.0004113040840192,0.0010429116424398,0.0021255954855752,0.0018026544086166,0.0035277835888213,0.0060041308420193,0.0078535532223521,0.0104984672237853,1,drilling
0.0026186874248273,0.0042622475683877,0.010820028305194,0.0031954527429287,0.0053683838695096,0.0076838790680376,0.0007591665565875,0.0006747234038878,0.0004140077021992,0.0003417310550625,0.0010497943715274,0.0006624257288272,0.0017652434509026,0.0015897589003446,0.0040397609431064,0.0061697546288584,0.0075093397413032,0.0106299861278681,1,drilling
0.003726691871526,0.0050877199230533,0.0113938559771029,0.0035256666771261,0.0051088700201289,0.0083867288402831,0.0009592188121993,0.0004147191799575,0.0007741104039354,0.0003197749602903,0.0007301023384447,0.0006456728715183,0.0016667800077071,0.0016874498616459,0.0038034383082306,0.0058504884280264,0.0077887139976431,0.0112590424184423,1,drilling
0.002099580146958,0.0048129333144024,0.0106683166996495,0.0036520035073841,0.0051442631434637,0.0081878287924999,0.0007477718455375,0.0006996999686534,0.0008105654942593,0.0010329989446882,0.0014383338110998,0.000727554489284,0.0015926513791246,0.0011933594321041,0.00382572740468,0.0056213629781531,0.00762761961061,0.0110539132510995,1,drilling
0.003895937939267,0.0039222007939318,0.010927146528664,0.003240205506794,0.005352276108938,0.0079785600135316,0.0007683287512767,0.000283815720723,0.0007030015847764,0.0003522780855024,0.0007417667965302,0.0012074003499287,0.0019277524642459,0.0018428451169764,0.0040944491143911,0.0047426226133937,0.0077903158583564,0.0105446190281868,1,drilling
0.0043566682292583,0.0039046347624166,0.0109505157145375,0.0034880966956213,0.0047924072932771,0.0082043338573167,0.0002499633553721,0.0003932199135057,0.0002415686910356,0.0008087718096439,0.001012650126647,0.0006314572821674,0.0015333970817613,0.0015757431362204,0.0036586842712797,0.004707643565475,0.0077673944974223,0.010974539069359,1,drilling
0.002944717059806,0.0037703296172964,0.0098416866288877,0.0030848030877644,0.0057240689658725,0.0077466294415299,0.0003606261190679,0.0001937069118345,0.0008897980647781,0.0006406222953727,0.0010361312434289,0.0004561494626627,0.0022062455723409,0.0017449677311842,0.0032611361276486,0.0051126103556945,0.0076509220891301,0.0102563892176631,1,drilling
0.0032940040232965,0.0044993464699252,0.0108506355759788,0.0029631438244823,0.0051613729045471,0.0069772666697366,0.0011035796703408,0.000363103710299,0.0010133164987685,0.0001867943353646,0.0013669231925858,0.0008723247218309,0.0027183722821713,0.001995126305461,0.0038309919587478,0.0048891363878375,0.0073501740521215,0.0112599552078981,1,drilling
0.0037363539014633,0.004621439412005,0.0096701698468631,0.0031623153207852,0.005742334557599,0.0074652436916824,0.0001343817131644,0.0009211074253509,0.0004047722486203,0.0012468084819882,0.0005247463284417,0.0008964010483948,0.0011483579744159,0.001456067813155,0.0037214938225063,0.0044433326238812,0.0074772169200446,0.0112172512350193,1,drilling
0.0030537465500298,0.0032361684542182,0.0102450198958286,0.002879434617254,0.005173926720641,0.0074057945899189,0.0003634458651381,0.0009083147128817,0.0005874409702598,0.0005546966078582,0.0010518839662589,0.000244855991866,0.0013363840307988,0.0016374638632193,0.0037963112003328,0.0048168907163101,0.0075312433630917,0.0101996687147601,1,drilling
0.0049647946411992,0.0038528474276271,0.0114089220051864,0.0033490033198669,0.0053292887584515,0.0077431743917736,0.0005230077106503,0.0001537264151588,0.0005040985226283,0.000441292537015,0.0006186439362037,0.0006589461026896,0.0019963104190834,0.0012721336951451,0.0038323456101247,0.0032063089900735,0.0074257407362027,0.0106083349687849,1,drilling
0.0041649330132998,0.0039579225339569,0.0106381847001627,0.0029855273575813,0.0049710560262869,0.0067512873017062,0.0007826221567532,0.0006877096181898,0.0007528971860166,0.0003772358533254,0.0012931685526236,0.0008820400245066,0.0015654736661499,0.0024370771061951,0.0114340859248689,0.002096987342165,0.0111316551992065,0.022179047010708,1,drilling
0.0037759516436528,0.0059161690675466,0.0125022347744659,0.0030266939270899,0.0051338602727517,0.00868411362989,0.0008065787791542,0.0003204941661087,0.001265942007703,0.0007450409515484,0.0011907811154975,0.0005730971027075,0.0058633625446055,0.0074720433498066,0.0219603089376261,0.0085335882031676,0.0512132416957728,0.0552596096461174,1,drilling
0.0060911467010044,0.0076430745337342,0.029873575030471,0.0098157100439253,0.008802979632546,0.023681474692792,0.0011777492081992,0.0001874230195089,0.0009212532102219,0.0013571279481229,0.0009241660741221,0.0009209194496622,0.0034505234616617,0.0013666168307062,0.0043252707403219,0.0060338996550419,0.0343168543798601,0.0251474900290202,1,drilling
0.0061116587836454,0.0065143821271411,0.0183134083450539,0.0061816999427574,0.0051751102039717,0.013105232395086,0.000711843328978,0.0005344357531533,0.0008735694317789,0.0015287817627342,0.0011384160193348,0.0009900373531192,0.0033938743961024,0.0013841713637368,0.0031627273842852,0.0071551793839247,0.0171689441271051,0.0135816973047121,1,drilling
0.0039970102363432,0.0062041821150801,0.0123267627578912,0.0046076579274754,0.0065288513204275,0.0153756738389059,0.000400880654622,0.0005807724703627,0.0009353157162876,0.0010230935751053,0.0013986117659333,0.0009898689878698,0.0028381974834838,0.0014260282091196,0.0029954774281789,0.0059619235788711,0.0156320344154869,0.0125111505629392,1,drilling
0.0041472643814686,0.0053802201586088,0.0100523526526148,0.0044348002322061,0.0075274677297458,0.0145323490088937,0.0005727938501186,0.000404839778585,0.0008548113956958,0.0009047553215898,0.0002772071314971,0.0010323031395332,0.0032485346672249,0.0012847327498933,0.0033125767275584,0.0057347209828852,0.014023376969408,0.0108300942326499,1,drilling
0.0038453847692,0.0065690937278293,0.0107692937281787,0.0047680646473277,0.0054995064192988,0.0118314491750522,0.0007763216915614,0.0003864729968032,0.0008494603378473,0.0011725693809302,0.0005759891879917,0.0011743891561602,0.001884934192235,0.0015699262417253,0.0042573191831396,0.0065670877264413,0.0120395475056465,0.0107159773078464,1,drilling
0.0044640804463009,0.0055742758318909,0.0103781378299728,0.0047655492724435,0.0054790527594427,0.01132747853726,0.0006724585521765,0.0001431760244989,0.0004257595059963,0.0015868167266351,0.0003206581341461,0.0012923962512754,0.002349094741105,0.0016748741080876,0.0037812415631047,0.0063551781991967,0.0109381904732736,0.0109539703213128,1,drilling
0.004250482642304,0.0050308491670926,0.010120904323043,0.0044182881784281,0.0072759498570639,0.0122248940407309,0.0007037342744418,0.0005350765986229,0.0004569825633276,0.0009881646531329,0.0009428455512445,0.0012009142800596,0.002178475054391,0.001863258791181,0.0042283262339735,0.0063972936888778,0.0103002099182781,0.010853461983036,1,drilling
0.0050053306771711,0.0051513014505549,0.0101803759001997,0.0053934872562683,0.0066343573463897,0.0115054144480392,0.0006800829347537,0.0004784059284828,0.0007847127904104,0.0007773098890452,0.0007952630949015,0.0012416150630752,0.0023507447511983,0.0015917640852816,0.0039643399691098,0.0067516975455553,0.0096199448392362,0.0105036058879013,1,drilling
0.0034938379180639,0.0046698814130313,0.0113286591285768,0.0052597113996355,0.0059314584388638,0.0131303900251053,0.00073968036784,0.0005002492241634,0.0005581842623184,0.0011394240257126,0.0005532262884723,0.0008410037076489,0.0021347961525849,0.0019158148794061,0.0038185705486636,0.0056904929503328,0.0095353063789292,0.0103387918708147,1,drilling
0.0045228014775087,0.0056810402666453,0.0102408756358303,0.0047038525022378,0.0063255587998643,0.0124579854440898,0.000629261872677,0.0001140245407493,0.0005185388260353,0.0006334897926423,0.0009746614342942,0.0012273256194281,0.0029444057909395,0.001268187070782,0.0039632118820262,0.0063903929388714,0.0096069415917165,0.0105864804293029,1,drilling
0.0037202643917497,0.0051585825659511,0.0103228257290237,0.0050008851566727,0.0067275238473901,0.0123879356372416,0.0004573792725684,0.0005638126863154,0.0008849901336874,0.0007373193604432,0.0012210486316806,0.0007656563907156,0.0017762386866917,0.0013805164401561,0.0040757153797527,0.0060339724718107,0.0093607190529947,0.0108156515456647,1,drilling
0.0033080641341009,0.0051164949144598,0.0098440117891885,0.0050810090680768,0.0060327202681906,0.0105773319314842,0.0020956698431433,0.0004609461315764,0.0006830551636716,0.0015698027715495,0.000763974215259,0.0013360203374359,0.0020343607601104,0.0012238950828179,0.0034225746865691,0.0066393126983494,0.009737117306947,0.0108116523664544,1,drilling
0.0046482894991886,0.0058852644161023,0.0101445908534339,0.0047684670808875,0.0063969949476533,0.0101339300191328,0.0008964650946971,0.000426512949125,0.0006482141699617,0.000796243070396,0.000795749678159,0.0009098806855259,0.0022713737404664,0.0014056317197102,0.0029207663273028,0.0066026997118581,0.0099986201904137,0.0098254508653765,1,drilling
0.0038112399564299,0.0054606375403541,0.0105021387605585,0.0051311627830605,0.0067764404848949,0.012055803905116,0.0005146418435006,0.0004018996510425,0.0007260127914741,0.0006496135741173,0.0010662721175492,0.0016582535174459,0.0024467980466721,0.0013010013677427,0.0026397956586976,0.0059456814434687,0.0093495866547739,0.0103576496421432,1,drilling
0.0044384870085485,0.0060564729766232,0.0102356764502674,0.0041791955466492,0.0062242278067377,0.0100122550001201,0.0008790943710444,0.000498848931034,0.0009351207605598,0.0006340540139201,0.001033687140322,0.0009295494473828,0.0016002148128364,0.0019509294422956,0.0027764959621419,0.0055839967121427,0.0090393437436442,0.0108209766797131,1,drilling
0.0036535178993148,0.0045854332707116,0.0084693511121951,0.0049363872457575,0.0061032846657414,0.0103616420301358,0.0016296207693211,0.0005007667991612,0.0004328608195769,0.0005735033097736,0.0009764640907283,0.0014614913115803,0.0023642243677295,0.0017176461171493,0.0032851651468945,0.0061180489786529,0.0088654447128704,0.0104773369962103,1,drilling
0.0045564708492942,0.0050184528511336,0.0098240319398926,0.0047815523883615,0.0062485003599136,0.0095412745997912,0.0011079727168366,0.0009309566258929,0.000649164330757,0.0004650170682189,0.0011249596139498,0.0012087284213269,0.001756234941383,0.0018494845116769,0.0030967115400813,0.0056599630064817,0.0091096667228429,0.0103998211230766,1,drilling
0.0036243518752759,0.0042880194024301,0.0087650177623084,0.0043003002899692,0.0060338887326782,0.00967625196186,0.0004729697324911,0.0004705689475033,0.0007823143753786,0.0006996551259952,0.0012557169654142,0.0011558284440826,0.0019000674713959,0.0015223179421914,0.0029430929434637,0.0058061691708674,0.0086630114533674,0.0101257004453283,1,drilling
0.0033598345886235,0.0044147537538651,0.0091695420822379,0.004320552131998,0.0058019986725027,0.0100176109600678,0.0001993235079733,0.0004461009660316,0.0006604381624153,0.0004433285765654,0.0009464174408834,0.0009641323483757,0.0026282355550859,0.0012777436478252,0.0031531338366575,0.0066823166522662,0.0084254161102381,0.0102554846331818,1,drilling
0.0042801531438794,0.0048519123569959,0.0090319632146202,0.003807559833899,0.0058123922527786,0.0098541584548679,0.0005415716050541,0.0007165616676912,0.0009527887459642,0.0012586092015911,0.000703468677424,0.0006889070193907,0.0023555583403489,0.001742448966719,0.0028738134383539,0.0059117028068764,0.0085367862926529,0.0098948572468945,1,drilling
0.0050309048484842,0.0055572134575703,0.0099075526264426,0.0044843350964244,0.0056637681389254,0.0101415352661747,0.0008200730258628,0.0004388282040679,0.000692411831047,0.0008870417919095,0.0011360374128929,0.0016972522843318,0.0018229808982592,0.0017029990153259,0.002915445945154,0.0058654122505,0.0089755246418541,0.0101319073011537,1,drilling
0.0027498840236413,0.0041372918942177,0.0085821660872274,0.003935089904999,0.0059989549820421,0.0101221644021697,0.0004473467306223,4.959916238521737e-05,0.0007572180294218,0.0008574013759062,0.0007933867721638,0.0008868416641761,0.0016990323840669,0.0013697920847386,0.0039822059111068,0.0041836645470827,0.009545555207673,0.0120701225841649,1,drilling
0.0038688431230539,0.0072214784099459,0.0101765426621021,0.0044544838611822,0.0051440990753481,0.0091156456383914,0.000533852665206,0.0001539530375188,0.0004684494823375,0.0009498376489998,0.0015896527594305,0.0015566232607459,0.0031567480065925,0.0019695297983949,0.0125447376707182,0.003743628811716,0.0147541805970721,0.0234599702527577,1,drilling
0.0046839833531231,0.0106025087656241,0.0289476655155145,0.0138142153801948,0.0085957176134849,0.0245763045102434,0.0005133528992657,0.0004537928597145,0.0008961591693393,0.0006791908554829,0.0002133816998519,0.0010193482491164,0.0039187578791525,0.0026973059038901,0.0050337006256889,0.0074671835948963,0.0500320204931155,0.0291719540833442,1,drilling
0.0058604040045312,0.0087756710316854,0.0234828328750267,0.0107112942028333,0.0065522770145467,0.0169160944797708,0.0014689251096442,0.0002794911673244,0.0007404047615134,0.0011702077739008,0.0007191779738224,0.0009707032065239,0.0031905386490685,0.0014835338131477,0.0040009794397668,0.0081106224010524,0.0361021256931608,0.0208188468857086,1,drilling
0.0050858801725944,0.0068595197787393,0.0181502697130079,0.0073077620124991,0.0057195084425664,0.0120235806463636,0.0005964936789266,0.0003899083454149,0.0007589451936835,0.0017424714343589,0.0008320092599302,0.0011669708959792,0.0035604116405522,0.0018775051786286,0.0033720887493293,0.0064985323064785,0.0298348936982737,0.0170014536242848,1,drilling
0.0052670471932695,0.0075081331852729,0.0141387720476476,0.0062791746150552,0.0046153157406727,0.0037062610238101,0.0007809740355029,0.0006466782305667,0.0008040740825615,0.0006447735526268,0.0007163848754819,0.0012242560379695,0.003603050486664,0.0012569460409404,0.002552489391854,0.0050830597376429,0.0254622026333009,0.0148569866465404,1,drilling
0.0044093479941214,0.0058592571282257,0.0134775975373733,0.0155039480803786,0.003750202042135,0.0025749039560824,0.0007039095842217,0.0006814549663211,0.0006620255585559,0.0012009529321325,0.0006892432901304,0.0014368208327526,0.0037480627200815,0.0013379764684726,0.002522663609871,0.0040175002310062,0.0214938205265986,0.013675905652662,1,drilling
0.0030627852601621,0.0064266030518652,0.0126515017332557,0.0058357493335574,0.0044027125992866,0.0087359286030027,0.0004572915317656,0.0001407178812772,0.0007296662980635,0.0009188788905676,0.0004365533449852,0.0012462014222896,0.0037322248128009,0.0015896333018003,0.0025795534277105,0.0047357902613209,0.0187189149019409,0.0130495831963127,1,drilling
0.0034358640992057,0.005794914498934,0.0115797433234094,0.0044935964004495,0.0026228737673804,0.0088378258948298,0.0007534883118139,0.0007649595879499,0.0006394434693286,0.000783267157702,0.0002604468079587,0.00111661340979,0.0027517924488063,0.0015043115826425,0.0028447689251097,0.0045134256358965,0.0186978796604465,0.0135938273148928,1,drilling
0.0034713363082685,0.0060908313497525,0.0116726294348696,0.0040164529980612,0.0035442731103442,0.0072689157176491,0.0007563962950801,0.000289960979661,0.0009791921664626,0.0009137078749831,0.0003369278934887,0.001161853514206,0.0023579906052938,0.0016001966321621,0.0026765764232159,0.005092526106835,0.0176904107359564,0.0133345956750572,1,drilling
0.0028759565431462,0.0074800301894018,0.0117117686878837,0.0041854243434324,0.0028685284563759,0.009079889406947,0.0010554418316981,0.0004292548513524,0.0006720717363994,0.0006394591301207,0.0007456541041845,0.0013952761530562,0.0027712207615425,0.0018766116575491,0.0030413199815331,0.0048810011909642,0.016895088259941,0.0126448786976786,1,drilling
0.0040977946898317,0.0053559884503465,0.0105016755423327,0.0043820402954897,0.0030661585019976,0.0078469468706768,0.0005389512751937,0.0004895984083743,0.0007841633506358,0.0013763205968166,0.000918680767069,0.000990038137259,0.0031846748351453,0.0018338562880181,0.0025996801873433,0.00517042228907,0.0163037718776238,0.0120540891086483,1,drilling
0.0054810468141689,0.0062260142799863,0.0101187127378403,0.0042064190796439,0.0033888219031759,0.0068594586103697,0.0007035262353023,0.000520088956015,0.0005838866778722,0.0010624358487954,0.0003912427356005,0.0010672038543988,0.0030709936967854,0.0020584073073459,0.0027539492320474,0.0054559808735134,0.0153250598443586,0.0124196140480738,1,drilling
0.0050959646584659,0.0058319205505799,0.0104975745354035,0.0044239018106145,0.0028617723872161,0.0065615075719797,0.0013948886537106,0.0004137069211637,0.0007177150078586,0.0008381382401745,0.0010640885645168,0.0012158073927654,0.0027726445344937,0.0017815480084431,0.0027996955051168,0.0055554104976147,0.014936832136893,0.0125155192438623,1,drilling
0.0048085384255114,0.0056979732309217,0.0103831593461932,0.004356470840398,0.0031391940621516,0.006296559119338,0.0009782377321162,0.0005311552286283,0.0010701790227574,0.0007342285145279,0.000962079075973,0.0013350067197563,0.0020454034568545,0.0014837576756639,0.0028451371910927,0.0059597312876357,0.0144386609585827,0.0126946566920517,1,drilling
0.0040070219051866,0.0070336447362312,0.0103530064613113,0.0045810178197012,0.0023077595877602,0.0057501138522542,0.0010107948850544,0.0008853940614495,0.0007276700086367,0.0004270497222959,0.0012932142076133,0.0009570182984769,0.0021833560584309,0.0017996095207261,0.0025338484140389,0.0056669681493722,0.0142036375515769,0.012633456677982,1,drilling
0.0054017847496812,0.005994848027605,0.0100569525221328,0.0042267802881565,0.0024256560671964,0.0058616028670271,0.0008214405175206,0.0005291614246613,0.0008283544399425,0.0013345812557795,0.0010981930660748,0.0010097472925645,0.0033661340657143,0.0017403238429413,0.0030452190669692,0.0064972740686644,0.0147030066178232,0.0141786251554331,1,drilling
0.0025908970903448,0.006857417153829,0.0121271948706816,0.0044823391355719,0.0021678261646212,0.0063460756185678,0.0007537402475433,0.0011315843640841,0.0009049356093067,0.000673400310626,0.0002450495218128,0.0008067816776976,0.0031481477400549,0.0016855422111178,0.0043476313886812,0.0073357076573784,0.018098925104838,0.01951630782682,1,drilling
0.0035660680070565,0.0081153746584441,0.0111880350677771,0.0075750746712985,0.0037531409097988,0.0079892624312923,0.0006337491847608,0.0002391664818507,0.0008084818804253,0.0002067298675705,0.0008488220005834,0.00104856392355,0.0034836432498489,0.0031603484979495,0.0129176769366504,0.0081891295856054,0.0270655771869663,0.0294948708419605,1,drilling
0.0058344520895214,0.0113239125929834,0.0273573859470579,0.0150629178076826,0.0075528872044272,0.0224852496762124,0.0004025080113182,0.000655636027593,0.0009682786117131,0.0008409945130153,0.0002647064483576,0.0007395349700573,0.0031771600319622,0.0019582734999184,0.0108387807238788,0.0030448305627912,0.0323822661757515,0.0113329857884358,1,drilling
0.0046582216214151,0.0066731084406814,0.0159622269860601,0.0182059824858448,0.0040394492614876,0.0090212730640122,0.000908434276279,0.0007858872258118,0.0010002420585781,0.000351310438877,0.0005973471573801,0.0012471678377364,0.0025004006892104,0.0016313242976455,0.0087172330107666,0.0020785539583254,0.0279421708831402,0.0132768624118748,1,drilling
0.0050106099666042,0.0065811338635533,0.0139591889152872,0.0078349274799112,0.0025350258179704,0.0084232515435608,0.0001913603445221,0.0004026408893821,0.0006013444257326,0.0006582650109107,0.0004831316749774,0.0009753999261622,0.0033148288537288,0.0018535770515298,0.009026843123396,0.0007260921278761,0.0236805774271999,0.0054526489241105,1,drilling
0.0041103632533525,0.0064942360408019,0.0135443543744878,0.0065572609534126,0.0030495307839459,0.0084018292462634,0.0006315093218038,0.0007826713433888,0.0006661893198127,0.0011511016618454,0.0003170251476077,0.0007857326662462,0.0021294446834154,0.0021590242246836,0.0087962119992646,0.0006021702577391,0.0229443049940574,0.0123269147088444,1,drilling
0.0036253754529453,0.0070786938394127,0.0136038504338267,0.0063885843663674,0.0035808282455732,0.0082199865685419,0.0001848184984391,0.0007651910314713,0.001081223802623,0.0011624084545221,0.000490984083818,0.0011618091040755,0.0027551139046741,0.0014025292651756,0.0085475126310867,0.0007309624128893,0.0213806329950204,0.0060213432532956,1,drilling
0.0042217446021828,0.0056534737203927,0.0131712219337724,0.0067788935083282,0.0033398538413161,0.0073901746150458,0.0009573042312847,0.000232049298595,0.0009172738254996,0.00116510600717,0.0005654618502963,0.0009852250722046,0.003685792119113,0.0019699573622428,0.0075499846735311,0.0021119328641885,0.0205515628435964,0.0132348659308081,1,drilling
0.0038622311259523,0.0056856042773938,0.0121544637875983,0.0066105038261596,0.0025949316832335,0.0067225173407334,0.000782119802765,0.0003338985345126,0.0006877587606367,0.0010902428930336,0.0006226734196844,0.0011225273388727,0.0023582369443286,0.0017742186163791,0.0067570900456576,0.0024208133787703,0.0193493584720198,0.0128348450641678,1,drilling
0.0038015543034925,0.0065981340476913,0.0116089277297813,0.0157064526819553,0.0024803475859893,0.0084172604342464,0.0004106577007497,0.0006852467203406,0.0006955081372017,0.0005871603072116,0.0003546930555462,0.0007581768999571,0.0032610319078928,0.0015392373140678,0.0068291550286483,0.0030742413925083,0.0193652834690194,0.0062435847167035,1,drilling
0.0042824865144499,0.0060950449113384,0.0118261322043319,0.005723741334971,0.0024068836873458,0.0078044638411385,0.0005924237298879,0.0003295545944425,0.0003659307092637,0.0012822048178589,0.0007311974227923,0.0013819090963613,0.0029068423872268,0.0013810806044216,0.0065564741904393,0.0027865197093325,0.0184946125193731,0.0135546537192614,1,drilling
0.0040632782447613,0.0052880814576067,0.0119777118737453,0.0055420606379022,0.0023055972292254,0.0073818715997253,0.0005010109649756,0.000620449006537,0.0009695964607402,0.0011903055800097,0.0003476077409324,0.0009572715158021,0.0019405704190312,0.0014546901829942,0.0066857924903841,0.0025777514274298,0.0181722364571407,0.0066137391170922,1,drilling
0.0040605575307912,0.005574987484153,0.0126511656151439,0.0063995412808809,0.0021848424805041,0.0070047092660395,0.0006224435078052,0.0006005514744079,0.0003304070830027,0.000715518911129,0.0004624197268255,0.0014384960236373,0.0026891667455488,0.0017046578069918,0.0066937854226757,0.0031918228053185,0.0185407330635038,0.0068090762262465,1,drilling
0.0038284809889119,0.0054993793950352,0.0126412821293986,0.0158761911112381,0.0022102275628196,0.0067173829076191,0.0004955888135296,0.0009233011005841,0.0006848850191058,0.0012168162052661,0.000545639288997,0.0013739692997551,0.0028413449790592,0.0013146963728447,0.006381213706847,0.004017167768174,0.0183409173026379,0.0137025156448472,1,drilling
0.004489622014233,0.0059247743253459,0.012222996345324,0.0157228007339403,0.0023611357062747,0.0072199298944807,0.0007275430558161,0.000574421339431,0.0007043558563562,0.0007195900179048,0.0006448190370182,0.002386391079861,0.0027800303746118,0.001733785250238,0.0062512189877026,0.0044028831840242,0.0172248671962739,0.0137648333285156,1,drilling
0.0048083927610608,0.0064249720674339,0.0121824640739134,0.0157664049443445,0.0020068034651074,0.0063590821046526,0.0006019365744247,0.0003325461411927,0.0011152642311898,0.001439071511061,0.0004821683767652,0.0012508573063263,0.0024247567665868,0.0017888463640356,0.0061324110187161,0.0041735948340912,0.0175875817602707,0.0067303764097614,1,drilling
0.004144771909057,0.004936085102056,0.0118937743227684,0.0062242626738436,0.0020577372257216,0.0063911934467258,0.0008669607917848,0.0008754298360495,0.0010010039068181,0.000308032185667,0.0013919285127786,0.0012744893121326,0.0026441239237424,0.0014718791598984,0.0060228555321734,0.003595135924899,0.0178146104746346,0.0060629173181776,1,drilling
0.0040135513547943,0.0065710923192473,0.0107211127657361,0.0159003746128258,0.0014855468178992,0.0052190023876935,0.0006436988895035,0.0004145615576238,0.0005117464226878,0.000702271405566,0.0016331908809807,0.0009904497860281,0.0022681445896813,0.0018961066294524,0.0062641726907127,0.004805947841048,0.0189704364718023,0.0073903439244352,1,drilling
0.0041635492091962,0.0060132580313074,0.0119686660323273,0.0061369082869741,0.0022861558403851,0.0070519773039162,0.0003217844466388,0.0001260143842899,0.0008519195195037,0.000509554970994,0.0010017190500618,0.0010950922237391,0.003760310300806,0.0018497414338936,0.0056137735055713,0.008197373069826,0.0239738014297975,0.0210333252004475,1,drilling
0.0050982951301084,0.0084259982490775,0.0141608961015053,0.0060053892363006,0.0041133846244973,0.009501250839673,0.0004968113899774,0.000635195846124,0.0006177985539312,0.0012431678602321,0.0008189576912534,0.0008692606738039,0.0041733736258645,0.0033736484320968,0.011462947169569,0.010860793945759,0.0404930432951618,0.04205408997052,1,drilling
0.0056255657209528,0.0096939428367578,0.0223580598569978,0.0248006646578128,0.0063252667206844,0.0198224306660931,0.000167025403829,0.0005606182183766,0.0052342757123325,0.0008449766182295,0.0005600886956458,0.0018972801161438,0.0044850169040287,0.0024577458194358,0.0075860447121475,0.0080828394044887,0.0550727511042086,0.0319384737242176,1,drilling
0.0063285491611191,0.0076984842454369,0.0167928086476247,0.0200057616593578,0.0046089384831153,0.0030477955294935,0.0008027451314711,0.0005217531678634,0.0052424117400665,0.0005979002460837,0.0007965567083855,0.0015213207010976,0.0029359728904007,0.0024971326674146,0.009737970684813,0.0023814649629348,0.0306949018837461,0.0133864866094974,1,drilling
0.0054108894149475,0.0078308964888609,0.013915870215028,0.018764577731325,0.0041357519210567,0.0108402141592709,0.0012823417817856,0.0006539273338944,0.0003235220002562,0.0010843512499967,0.0002933404071394,0.0012421256993944,0.0033857515386547,0.0020636836257435,0.006750904452424,0.001039839906248,0.0290531294578395,0.0067431519919945,1,drilling
0.0037241881176798,0.0060675598519272,0.0127261759622897,0.0180280552595949,0.005272604181386,0.0125522960032234,0.000700989692297,0.0007456005096328,0.000583952585853,0.0006938045542857,0.000759217853767,0.0014610834576715,0.0031678772181476,0.0017687866813192,0.0065707728083023,0.0014655452509812,0.0267872449854277,0.0162079808097507,1,drilling
0.0039623387625299,0.0062058184512635,0.0113714413074428,0.0169968300911879,0.0041649850539511,0.012550137800513,0.0012306877403071,0.0003561769180616,0.0002736882893461,2.1335459778870207e-05,0.0006910099331295,0.0010423544034157,0.0019772560194593,0.001701931539123,0.0058349014631015,0.0014240289795593,0.0262614007305921,0.0169777557444236,1,drilling
0.0043978042642869,0.0064012208408387,0.0117582319381799,0.0174526466065946,0.0046086156225617,0.0120612712579905,0.0008823717305039,0.000821509146806,0.001153980326251,0.0006834142336322,0.0007873356741872,0.001389038596382,0.0035228534549328,0.0016735513781109,0.0058802671758194,0.0019242592323552,0.0242790930302007,0.0085528200786004,1,drilling
0.0042363313709234,0.0049547826535041,0.0104566634041876,0.0165232449009266,0.0052248159950426,0.0109429184544659,0.00071146581951,0.0003594201431699,0.0006805172802391,0.0015735165829765,0.0008964449235444,0.0013962586133448,0.0023745219493685,0.0019167913219956,0.005038275781109,0.0020920510845402,0.0232131665080433,0.0160723125486187,1,drilling
0.004382641409212,0.0073479650912874,0.010910991405412,0.0160762916496525,0.0049234574684664,0.0111548878487575,0.0007689341380998,5.8546617000244406e-05,0.0011582617595131,0.0008077254089008,0.000362479776347,0.0012960264347919,0.0036997271821175,0.0017487525273845,0.0052011762980315,0.0023616264048725,0.0225845282430817,0.0087466259890247,1,drilling
0.0043910839917763,0.0061626255249786,0.0105120636442381,0.0157775740717658,0.0041320828548725,0.0088776832797713,0.0005285106664551,0.0001123308443514,0.0007345715908697,0.0009183714702392,0.0005755792543278,0.0013533039494957,0.0031275010234747,0.0018560255032752,0.0051755735700019,0.002324788804561,0.0221837703536092,0.0164051413713057,1,drilling
0.0043778006979965,0.005976757585103,0.0099281006947684,0.0155840189002981,0.0038925545940513,0.0096582150845866,0.0002894284465443,0.0006733634003558,0.0003889132802334,0.0001157611918846,0.0005308684333366,0.0008722051929003,0.0029563538696454,0.0020542279194635,0.0050089710671813,0.0023896318652629,0.0214583525564408,0.008774131053931,1,drilling
0.0035205676844979,0.0063460071557576,0.010402114541844,0.0155662132228754,0.0044578397576005,0.0100530499445574,0.001228009572089,0.0006179148722161,0.0005665873255548,3.0859327471813925e-05,0.0004701318423634,0.0015940294034663,0.0026214559881132,0.001728141259649,0.0050351351732388,0.0030465392380544,0.021554743660211,0.0083308410233938,1,drilling
0.0051240008198401,0.0069544849821374,0.0106830416328815,0.0155872739260757,0.0040840797669787,0.0093217755745243,0.0008009506322864,0.0003814401448129,0.0003714996053373,0.0004609311528339,0.0001713837090495,0.0011909790955776,0.0027884583478216,0.0015465222503568,0.0055801703067977,0.0026982578698063,0.0208870304073388,0.0086317919254765,1,drilling
0.0043205073312528,0.0062010196956787,0.0104707656223823,0.0160718217570679,0.003772880160121,0.0090047824399538,0.0005658903160831,0.0004890448572482,0.0007103856968102,0.0006197184879191,0.0011356601723182,0.0013825072737163,0.0019040231437821,0.0019635957207751,0.0056403869756696,0.0031212885927826,0.0209410927062174,0.0086004045630306,1,drilling
0.0049335500148499,0.0058923838581679,0.0100355861886248,0.0065081455950267,0.0038210831318667,0.0088464416957567,0.0005245666633479,0.0009130864925745,0.0007107602419484,0.0010329025957358,0.0009661680788501,0.0012530001522395,0.0017061076093252,0.0022743167099734,0.004654048300644,0.0037940599438706,0.0212784066729083,0.0090777463586889,1,drilling
0.0051633370027448,0.0055061591896695,0.0101174535178891,0.0155575192602088,0.0045583068989519,0.0077677927117908,0.0007427422936773,0.0006421367434047,0.0009010128375408,0.000882122032762,0.0011732023226121,0.001724800492327,0.0022659022720881,0.0019123863158049,0.0046685820302542,0.003455377258089,0.0211293198894514,0.0087145893554776,1,drilling
0.0042358038094277,0.006235805747168,0.0103799906995283,0.0164530512183484,0.0033920543162873,0.0094800657916565,0.0003646179948314,0.0005039001874508,0.0006394834201773,0.0001581667386799,0.0010796691073306,0.0014954937035976,0.0026682633554585,0.0020603450336207,0.0050440547743996,0.0037861176695082,0.0210876592909063,0.0087394863978633,1,drilling
0.0030961765316011,0.0059711224575706,0.0105450304435028,0.0163137193485605,0.0034591483230913,0.0080204811005383,0.0002321562770193,0.0005848392700855,0.000872916076539,0.000657042699431,0.0009034765415929,0.0017580133324215,0.0026143640481022,0.0019916137129773,0.0053650803018394,0.0031837369621991,0.0216576318245905,0.0085756600471146,1,drilling
0.003761028746671,0.0044302813272945,0.0108337432099514,0.0162356111895832,0.0032204003344063,0.0076979864376874,0.0006156053619965,0.0007762413029924,0.0007387479817405,0.0010374115502912,0.0010880326096429,0.0009012216871068,0.0025942961804177,0.0021155670830455,0.0051545275823925,0.0028202316651098,0.022873873461732,0.0096444198833218,1,drilling
0.0037724560159921,0.0072628339723416,0.0124105047476385,0.0059718213637131,0.0031831643709685,0.0083228534736677,0.0003764435764157,0.0005695226881607,0.0007506107719851,0.0010073940710023,0.0007436370141159,0.0014598879010476,0.0033467974996745,0.0016324393116199,0.0049306309531205,0.0081186821430398,0.0317122053936118,0.0255475478186226,1,drilling
0.0042451632732246,0.0111892994491507,0.0205608591149372,0.0216243801912027,0.0065045642527361,0.0164818773517578,0.0009333274720368,0.0004646005940197,0.000882637072434,0.0009957720514467,0.0009048579834443,0.0016562979653538,0.0038487887861689,0.0021281744115544,0.0076197094452394,0.0054758514949074,0.0415988951333452,0.0096686925800519,1,drilling
0.0038667622014714,0.0071490512851492,0.016690784850776,0.0188842790265531,0.0051563721415651,0.0118835695390838,0.00078915175183,0.0004688789783502,0.0006834578593553,0.0010270933883636,0.002041691753954,0.0014087971492707,0.0030476366948867,0.0019695554004421,0.0065958231290453,0.0020524124569121,0.0329793549238176,0.0076865486935173,1,drilling
0.0060224928061323,0.0073867245785873,0.0132326767720208,0.0168301717855634,0.0035981603325851,0.0103050607122651,0.000607589042326,0.0004347355060486,0.0009316306106987,0.0013098185966734,0.001236933039372,0.0012433542714192,0.0036531828903909,0.0017825524832471,0.0057476252249476,0.0013677160741789,0.0263349169396719,0.0062763882900168,1,drilling
0.0057456570015139,0.0059302132504684,0.0129403772119957,0.0163986310422805,0.0026429505900387,0.0091192866529208,0.0005414891417077,0.0005765360216823,0.0010061626455879,0.0008166609282625,0.0006877028551496,0.0017001352457588,0.0022642404876992,0.0020680307673345,0.006053419001319,0.0020500268041004,0.0236707119913459,0.0067651995429431,1,drilling
0.0053407562724512,0.0064275655145683,0.0121588677662336,0.0171922923514929,0.0024153906761572,0.0086806007670178,0.0003441704461457,0.0006839175756216,0.0008267038573175,0.0013420752536488,0.0009434116236048,0.0012890501633871,0.0026334701947793,0.0019551183042085,0.0053040858964886,0.0017234488486413,0.0224946069179914,0.0069112990062934,1,drilling
0.0066993909583679,0.0067358755425747,0.0113055285164998,0.0171437486177852,0.0028488762322814,0.0084043077119608,0.0007799665893511,0.0010171875192312,0.0008650895449862,0.0010743439572342,0.0009157697846338,0.0015048662106219,0.0026797617691787,0.0017520686236221,0.0054708994651101,0.0015198062672555,0.0219628169509021,0.0071144704059374,1,drilling
0.0051193918981527,0.0065390890395059,0.0101332317307965,0.017000326406267,0.0023909631158074,0.0074901205310195,0.0003937365957297,0.0006719515205792,0.0010031878299672,0.0007666776736024,0.0005815069170247,0.0014572615781618,0.0025835500716547,0.0019520368919356,0.0053438500301927,0.0019215275067623,0.0216041047799081,0.0067629851004675,1,drilling
0.0038244310776328,0.0049598869145783,0.0106873002810759,0.0164104718502971,0.0014983866122152,0.006913683354685,0.0006224622990147,0.0006788841832408,0.0009614634858762,0.0008551404114901,0.0005728879954127,0.0012059397840499,0.0024844004495771,0.0018059763731335,0.0062441773046634,0.0018071143925095,0.021550145032476,0.0068435589791599,1,drilling
0.0058386864356804,0.0060353453967817,0.0096041735896751,0.0169227072270113,0.002610022905561,0.0088520329578891,0.0005870840568165,0.0005705303610299,0.0010809934329648,0.0007774487010192,0.0010268368956872,0.0012727918842716,0.0028162310661265,0.0021498903555918,0.005651735534948,0.0017438460979089,0.0211013200985853,0.0069547751834148,1,drilling
0.0047222803325052,0.0065606466173306,0.0094891875452515,0.0165503727143935,0.0019486264132413,0.0076744498378772,0.0005127334795991,0.0007325869932402,0.0012050480910592,0.0008996415648077,0.0012905485515334,0.001656391243587,0.0033430761716562,0.0019207026391222,0.0047398172136889,0.0016975378062888,0.0210524542951217,0.0068502299964721,1,drilling
0.0048177679281189,0.0060806759765869,0.0090476530840282,0.0169977257043007,0.0021819344987627,0.0062400938510115,0.001377224372299,8.876486504141099e-05,0.0009247762064699,0.0004572560685196,0.0014993985162851,0.0014690269620801,0.0028489005807768,0.0019855499615994,0.0060385160709066,0.0019710729279243,0.0203903529162282,0.0072566254804793,1,drilling
0.005237609387472,0.0064484760316594,0.0092091037516046,0.0161908971538021,0.0026062876690014,0.0060701195934962,0.0003127402333648,0.0006479975967065,0.0008952771890086,0.0007309326532541,0.0007254863424656,0.0014269813636233,0.00261816567124,0.0019633428188969,0.005936884975822,0.0020685338356285,0.0205229662253544,0.0070916352743611,1,drilling
0.0034063275258855,0.0070155548882983,0.0094476702989809,0.016483969339817,0.0022243922404301,0.0060597356622109,0.0005685525402813,0.0006500169166902,0.0007379677313277,0.0007508578550994,0.0006817131205302,0.0013651219265474,0.0024002861141048,0.0020929456221333,0.0061859904636771,0.0020978737839412,0.0196969040406228,0.0074710441008262,1,drilling
0.005418867630069,0.0063664584410325,0.0089851296104946,0.0170695653064499,0.0024233829310961,0.0066397579409845,0.0005869617941872,0.0005939763903888,0.0009090694219954,0.0012190798677737,0.0010830211524861,0.0011636444879906,0.0025990727548039,0.0018071571737001,0.0056410996985396,0.0022910578180515,0.0199595619275348,0.0068177758506198,1,drilling
0.0050620044930351,0.0061716585097913,0.0090442898875794,0.0163360255103374,0.0026739161882362,0.0060348937556954,0.0007862570445682,0.0003746943150104,0.0008401282203689,0.0007629432366417,0.0007765234594337,0.0011510566124173,0.002132608132829,0.0018628436643848,0.0055455919753065,0.0021640178367006,0.0195484694525842,0.0072084280941276,1,drilling
0.0047208647113474,0.0061574345172232,0.0092900799597182,0.0167740203972088,0.0020363077748878,0.0055315975917636,0.0008544194804907,0.0013400128507232,0.0007431673748927,0.0005921876239892,0.0007260129496025,0.0011902474929221,0.0029921691940023,0.0021994950839085,0.0053876291414705,0.002618433035408,0.0191704927775168,0.0071877032772333,1,drilling
0.0045139349686416,0.0053400889018,0.0086113433781783,0.0158725119837465,0.0017979635545595,0.0051318869281089,0.0004073611960515,0.0007613764681527,0.0010537380038514,0.0007381537578706,0.0013701312215774,0.0016694521475748,0.0025047483767351,0.0017388507066254,0.0060134858433523,0.0022389185844123,0.019190911184463,0.0076658134616283,1,drilling
0.0051942547387185,0.004699192913617,0.0095089936061527,0.0165485650739224,0.0012998860519886,0.0057549253528632,0.0008081142427872,0.0010581792227567,0.0010240854660766,0.0006641661695936,0.0010732785202837,0.0011740315032569,0.0025012037042826,0.0021436107751596,0.0053586719924721,0.0039687547873104,0.0185742067420655,0.0079060633180799,1,drilling
0.0040840313963997,0.006993271074572,0.0098556443768128,0.0062410285215003,0.0021438405531451,0.0071449240673194,0.0008240994364972,0.0004851392390853,0.0009045255220921,0.0015969818320958,0.0007974580864004,0.0009325555322831,0.0027964628101207,0.0022882991484323,0.0054604437265781,0.008058842443989,0.0209519299870307,0.0111445571654487,1,drilling
0.0047402103989787,0.0088105726872246,0.0117756641768987,0.0137698182108599,0.0050909239008695,0.0111057926703989,0.0002495688760059,0.0003042342038711,0.0012155257154797,0.0010520944570403,0.0008531252708672,0.0008747988728041,0.0058820968969586,0.006829766032705,0.0219012472760323,0.0158178542448002,0.0538039384482944,0.0386996904024767,1,drilling
0.0050146251542624,0.014222667233677,0.0300656935403857,0.0103285085427094,0.007937131568274,0.0246780745179138,0.0004830653705314,0.0002262016931015,0.0061809357689516,0.0020313840713487,0.0008584374052767,0.0015074429998115,0.0046019285762277,0.0016836201604759,0.0084379712079546,0.0049778237949933,0.0542634817620437,0.0167385027409298,1,drilling
0.0056918857046582,0.0118480043221519,0.0231100593466324,0.0196578743547302,0.0065142293568957,0.0177985981824071,0.0012017628900186,0.0007877419785809,0.0008904663995861,0.0010967112918491,0.0005529746385923,0.0017494619966994,0.0030871534284382,0.0016559285221765,0.0087405176309351,0.0014439897320778,0.0362429145102132,0.0071663422702399,1,drilling
0.0042340910380382,0.0080110295855333,0.0134244585580252,0.018062115615602,0.0035223025150648,0.0089171463348299,0.0003554555224725,0.0005408996394254,0.0011072697463012,0.0016655804306291,0.0004974818958875,0.001653685784487,0.0040592240793172,0.0020194040496321,0.0063622499715289,0.0031271694738224,0.0318271657590619,0.0074665256986614,1,drilling
0.0058992003633907,0.0081201786439301,0.0101080959783929,0.0170595771613204,0.0031745810029263,0.0079052445764093,0.0005510075393259,0.0005746631037554,0.0009916827567193,0.0015229916917757,0.0004985988375467,0.0022265253535555,0.00274868070198,0.0017144853783543,0.0055285424827025,0.0031548169638293,0.0292312189418298,0.0081846657014217,1,drilling
0.0046392044321103,0.0080939939327421,0.0097716654924381,0.0172449174916922,0.0030896266711404,0.0066337588005102,0.0007150508186616,0.0007759656135494,0.0006289582306952,0.0010382848862683,0.0006107229017057,0.0016269051058789,0.00332271283554,0.002324484022659,0.0049926433400384,0.0043130888444544,0.0266778357872495,0.0083471548305402,1,drilling
0.0052321395683694,0.0078668674291234,0.0107187110106886,0.0170941047560927,0.0020903276567698,0.008249327679794,0.0005110914511266,0.0004698696774161,0.0006926223666324,0.0015108403550897,0.0006392693713642,0.0021274576923126,0.003409415578438,0.0019568353432641,0.0046935664346167,0.0043308116460722,0.025533001404315,0.0086149710967719,1,drilling
0.0042864001097318,0.0076960195417328,0.0101570482805132,0.0172273894819896,0.002537774777564,0.0079708776015948,0.0006607430174164,0.0007393871692961,0.0008312517404333,0.000981416004677,0.0004175204612164,0.0018395835330047,0.0031306567053344,0.0022824843746825,0.0051717619727582,0.0042916668276041,0.0260491286566464,0.0092597393938944,1,drilling
0.0026590794267024,0.0079361993065349,0.0105511053337947,0.0168504772897692,0.0023377485611157,0.0078462572960385,0.0004701424075456,0.0009912932729252,0.0009801610502621,0.0006396315722144,0.0011354373517331,0.0015844485738695,0.0033960885210849,0.0017940386249339,0.0053142925773149,0.0046475161117764,0.0265493539214723,0.0086249426441314,1,drilling
0.0046768594140736,0.0076265492381458,0.0106950727799702,0.018094831392361,0.0027225300798735,0.0088270836110186,0.000247342637275,0.0003700912119399,0.0009630861595176,0.0005436584068101,0.0012289369425081,0.0016353638938145,0.0027312210797827,0.0018064752019729,0.0057987721679811,0.0042463494134092,0.0261659549526919,0.0094508757654028,1,drilling
0.004826778969724,0.0080243362068481,0.0088544156971081,0.0180554301706238,0.0027796061409282,0.0070772359996348,0.0005078832366281,0.0007819414072536,0.000730334448627,0.0003340782945222,0.0010226985906804,0.0013118003922545,0.0028675306918978,0.0017506114010318,0.0053253750927946,0.0046108829748679,0.0269853091976727,0.0091541978862957,1,drilling
0.004259141501884,0.0072997975766132,0.0096916786278133,0.0182812348608523,0.0028608374243308,0.007255856746169,4.23305375452523e-05,0.0009461375260093,0.0011563523697071,0.0003194451671891,0.0005307939020697,0.0018799102079688,0.0044603848687687,0.0018637446133121,0.0058122368509765,0.0044479454717468,0.026982396684403,0.0091524049316818,1,drilling
0.0038965451671929,0.0073145023907451,0.0099426112478772,0.0175007831600464,0.0020735982216821,0.0083641552454126,0.0002443437655822,0.0005373200763574,0.0009760336879979,0.0005506101283301,0.0009025522462675,0.0015133726144329,0.0036540719333292,0.0017926226050786,0.0054746133964884,0.0040133500074648,0.0268423228272481,0.0097965357490284,1,drilling
0.004636249163157,0.008224847593574,0.0097540801317191,0.0175311265151276,0.0023633152965109,0.0074247593449877,0.000452279840915,0.0008631558722263,0.0005197482235655,0.0002892528731343,0.0010597759188601,0.0014743510828002,0.0026150299368627,0.001961425815345,0.0054641703422319,0.0041901015554914,0.0262877722427412,0.0093310304350219,1,drilling
0.0049370647668841,0.0084002130294024,0.0098277973350944,0.0179968109650969,0.0024491705271717,0.0068238983839643,0.0005818754637547,0.0007200375802013,0.0008088974186222,0.0006509609746291,0.0011399330517318,0.0015540955001009,0.0034574034070636,0.0015314432872858,0.0045379792559892,0.0054068813378787,0.0260169370260039,0.0096604170208819,1,drilling
0.0046847008912174,0.0074437328235865,0.0100421670594827,0.0175414284686859,0.0014691158787186,0.0059133947853319,0.0005008497918418,0.0007862809078179,0.0009121893675937,0.0003993240402376,0.0012261466954549,0.0016683149618489,0.0031666112509697,0.001991874744542,0.0047352542997292,0.0053185604996893,0.0259353587119463,0.0093832220483198,1,drilling
0.0047271154432497,0.0082584634798357,0.0108380171630839,0.0177326973205894,0.002017629644306,0.0070941859598965,0.0006198537417905,0.0010522911904391,0.0005541694238904,0.0007073101208297,0.0010838163993343,0.0013510030116559,0.0032231426801462,0.0017646743258238,0.0042589328988086,0.0053430876741913,0.0257353225021939,0.0097163883407226,1,drilling
0.0052903027164117,0.0069179544438863,0.0107643321700678,0.0175590775163036,0.0013448311013171,0.0070426155710821,0.0004347031525194,0.0007114515454186,0.000822510128184,0.0007366752211848,0.0019359982219792,0.0019488519897583,0.0025067833557606,0.0017085702052351,0.0041267012841881,0.00622160227412,0.027894391832522,0.012045362836442,1,drilling
0.005538564470552,0.0082586339889036,0.0108482225187403,0.0056783917885912,0.0027039099619613,0.009703424532586,0.000396347577801,0.0004586510485588,0.0010693751801228,0.0004708886068266,0.0004413104537399,0.0013162103146137,0.0034972836597814,0.002478171030478,0.0077740911310058,0.0109567187695166,0.0437026645514577,0.0283246801435494,1,drilling
0.0049825784145734,0.0144092841899892,0.0331639759627502,0.0223155508147407,0.0063799475695908,0.0218094897451779,0.0004151236003537,0.00105019997908,0.0060377030404061,0.0023426522477982,0.0007792719885228,0.0014663341411856,0.0058796379318961,0.0024819340023965,0.0046684556188598,0.0073595214544769,0.0691137543282488,0.0276646600566572,1,drilling
0.0047519347502335,0.0125808951558521,0.0230012489678189,0.0203837028219198,0.0061284686366424,0.0152589753292886,0.0004261574596412,0.000533167752756,0.0007458564318854,0.0017374328873111,0.0009835010809168,0.0018338340922961,0.003478857417985,0.0022521137776888,0.0074980617510373,0.0049452388970732,0.0388847843838705,0.0082280689051402,1,drilling
0.0055768498271455,0.0096405799001621,0.0159364835511585,0.018838955191545,0.0036342016167836,0.0089052032211901,0.000640922312845,0.0003118948557528,0.0007814261261229,0.0008196993424781,0.0009899507133238,0.002043022791145,0.0033838725985502,0.0018871203845045,0.0045962810570711,0.0055267153128148,0.0325937804548136,0.0083578427070718,1,drilling
0.0048148636767647,0.0075492152213316,0.0118209876908055,0.0170120683612955,0.0033382750932296,0.0087847370464659,0.0005047205758377,0.0008030547560476,0.000433748759099,0.0009242071573374,0.0014142625264414,0.0020359425294142,0.0029100746201334,0.0018244932378807,0.0049151570171484,0.0036207614461321,0.0302873359562166,0.0083450790320709,1,drilling
0.0054064633187683,0.0074704803967123,0.0104184464846077,0.0169762281876688,0.0031276731831737,0.0083848793793176,0.0003715590842108,0.0007365851998525,0.0004943254161021,0.0012055869309554,0.000738321779828,0.0022520904466548,0.0025472268595902,0.0016191078035976,0.0054554451070385,0.0044395786662262,0.0265777905351172,0.0079848925832325,1,drilling
0.0049561381771323,0.0074611720605966,0.0096068400701299,0.0174487791089257,0.0031077558397839,0.0090042391958133,9.51685514988628e-05,0.0008083468603444,0.0004779147699225,0.0013703820693728,0.0005660986715645,0.0019725573871189,0.0026794207092426,0.0018106600073005,0.004483301718584,0.0049428018964542,0.0262178863664369,0.0088233451595569,1,drilling
0.0055969543613147,0.0062090782933727,0.0104749554290646,0.0168680714396561,0.0027610534633826,0.0085065551513996,0.0006307347189061,0.0009279039077559,0.0008973073063965,0.0013076447396002,0.000752703995014,0.0022759871069882,0.0030516944838791,0.0019075156306599,0.0041757593827225,0.0047413206569384,0.0242133095720055,0.0079671815856125,1,drilling
0.0040788923033749,0.0058664754977851,0.0097555740911463,0.016162582651407,0.0025620621115593,0.0069770816820906,0.0010058519460368,0.0006296470312079,0.0007556671827117,0.0012387591894253,0.0003194966266747,0.0023170959743469,0.0026700993463863,0.0019495674202329,0.0038815701882988,0.0053325967239725,0.0228761758354379,0.0086103720541764,1,drilling
0.0054815485593942,0.0066233894400652,0.0093877232987333,0.0168778080453135,0.0024856855582911,0.0073434271186888,3.967171969327572e-05,0.0004167596561649,0.0010736861115158,0.0014272208698511,0.0007739440887311,0.0018691847326486,0.0021334794340049,0.0024571666705981,0.0040396124395825,0.0052308340931119,0.022049306659552,0.0084152062777438,1,drilling
0.0054315679470139,0.0073370747523186,0.0089402816009898,0.0162938099815879,0.0029420331214088,0.0079303273163296,0.0005453612688462,0.0007772707985812,0.0007894315327215,0.0012857530970899,0.0015404292590981,0.0023626151125148,0.0023723008257741,0.0017434611923844,0.0034447337255277,0.0058312166017069,0.0211230268452548,0.008748217550674,1,drilling
0.0050021909596403,0.0056305228390897,0.009601480932419,0.016707181582003,0.0031695851678628,0.0075380672395597,0.0005629373530663,0.0006394044229138,0.0004858555308578,0.0010878702144725,0.0004244233391922,0.0021211166066885,0.0021539886484798,0.0019220205510125,0.0031050674079083,0.0058101093578783,0.0202535747559444,0.0085183954750283,1,drilling
0.0047283783080916,0.0077347237272705,0.0099860395167555,0.0172631368155382,0.0026012666607878,0.0079493214856645,0.0004898184620121,0.0009017234188843,0.0005340305636372,0.0011675721772687,0.001500988325763,0.0027782547115032,0.0032834737839244,0.0018321132070079,0.0033300144189624,0.0063449803908381,0.0205068472362921,0.0083754408622683,1,drilling
0.0048131464356484,0.0065851599469499,0.0099595244924626,0.0167628856301839,0.0035515147210285,0.0079614094560844,0.0005540703085301,0.0006328669315003,0.0005865981676433,0.0006408256705535,0.0009858339603237,0.0021451378841003,0.0023450491205714,0.0020069694019451,0.0036550188525872,0.0066881266356649,0.0216361236720829,0.0084734847714531,1,drilling
0.0046595478095232,0.0069307081658989,0.0101886323391265,0.015995956222267,0.0028148018041753,0.0089707741150107,0.0014240462165655,0.00029798810944,0.0005543121103116,0.000859551147548,0.0008241023568091,0.0023288623833298,0.0023936501249485,0.0020101351011801,0.0036790418597703,0.0068677309360373,0.021716328290078,0.009001734634264,1,drilling
0.0047852659746534,0.0061710072503164,0.0095426221217066,0.016414081312076,0.002217965699604,0.0083502774379678,0.0004218061104942,0.0005730243952529,0.0011512978004455,0.0010417815881981,0.0004293162739073,0.0017342669470398,0.002573641535486,0.0022042356592428,0.0046221421872623,0.0065595320167477,0.0216672047355842,0.0085396002613117,1,drilling
0.0053701280184818,0.0062274100699711,0.0093569702878765,0.0164961242356108,0.0027803890264718,0.0063839471817745,0.0005331931675134,0.0009931396889704,0.0005605395619293,0.0002916057635879,0.0011420398338925,0.0018146975987921,0.0027214846242922,0.0019827398530313,0.0041844348230339,0.0063677354486101,0.0219445505097719,0.0083860395921701,1,drilling
0.0052962903722974,0.0071298299250369,0.0100843352960811,0.016285106618593,0.002447701192471,0.0065504872252398,0.0005051260443544,0.0010511471378945,0.0005789693662097,0.0008692844763004,0.0004236816699972,0.0016418199114008,0.0024566173656316,0.0020663752802004,0.0042802429123457,0.0070502570523721,0.0216301801577705,0.0086078594921879,1,drilling
0.0059299670886826,0.0070171696106032,0.009146478102874,0.0159363819632028,0.0019368707954166,0.0072958671101581,0.0006334454109413,0.0011356125834959,0.0006400994253635,0.0014562811298295,0.0016062628832322,0.0020530137420527,0.0032095011504456,0.0023819998937628,0.0045044618947298,0.0061780298139362,0.0226325247486658,0.0095538997585729,1,drilling
0.0028213448278683,0.0074762051081919,0.0093872738605727,0.0165414752680132,0.0024673519983577,0.0064758241295682,0.000621620482544,0.0011967840975158,0.0012378137238883,0.0014702807736382,0.0012565068205703,0.0023399109008727,0.0025275477428493,0.0021326058588227,0.0045334532582835,0.0084704056731389,0.0303004593549638,0.0130719979503107,1,drilling
0.0042306034236581,0.0093910910475668,0.0148072466665185,0.0142508201346987,0.0050739966298514,0.0109241742143607,0.0006460783464322,0.0005808334600034,0.001126224797623,0.0015906282727176,0.00106053963226,0.0023005566887075,0.0052875865445727,0.0027198458173803,0.0128408276683881,0.0130561086268237,0.0456206460795897,0.0281804450255878,1,drilling
0.0062107596442228,0.0116868030282844,0.0192872586440671,0.0175252275650799,0.0051480183990177,0.0110328149013611,0.0006443077280717,9.636511555063914e-05,0.0008784463095811,0.0011588034705236,0.0011605399249525,0.0014245552004456,0.0051498821706959,0.0024054004125742,0.0058134127057948,0.0058077742866601,0.0482215878404444,0.0112258769935754,1,drilling
0.0069683788902717,0.0119701273501848,0.0144235623314246,0.0165377001681884,0.0040158545939368,0.007154431991758,0.0011726225927084,5.236689680661007e-05,0.0005942861761309,0.0007369474266864,0.0006281302872866,0.0018867600575159,0.004625274163126,0.0020103593818949,0.0057464229953459,0.0048696776857733,0.0427111318022816,0.0104860383642199,1,drilling
0.0067411564453882,0.0098830440566337,0.0108505413877625,0.0153827221265075,0.0033112034568964,0.007174954815722,0.0007967130170398,0.0004973753750148,0.0007812194225835,0.0009941007081675,0.0005937145107151,0.0013144012238652,0.0048773802225158,0.0019447299956321,0.0067329820512164,0.0041480333551658,0.0419494760510441,0.010670547900623,1,drilling
0.0049476342392121,0.009951674667813,0.0099772419112005,0.0148109310595591,0.0028544205554816,0.0070760491304243,0.0007944422725275,0.0011363751292484,0.0009427810173304,0.001852832480598,0.0005738512401986,0.0022308272665985,0.004516267142621,0.0023294054122802,0.0063255628011363,0.004974918946133,0.0389036939057363,0.0105050072116874,1,drilling
0.0037736589548172,0.0092533730858241,0.0104502598979636,0.0058477240950208,0.0032443926350989,0.0073124057156688,0.0010143941515713,0.0008663957909106,0.0009702231717041,0.0013466977825678,0.0009302689035292,0.0017936302807838,0.0041586249257165,0.0022281277510414,0.006192851591408,0.005262249464303,0.0375831056423516,0.0101220312082466,1,drilling
0.0052719926445158,0.0088642109256718,0.0099246520416994,0.015718821717124,0.0020088861068048,0.0064111687688889,0.0005820904053922,0.0007081372117819,0.0007719375385196,0.0010109192420087,0.0006371210690585,0.0023804065877276,0.004304687503363,0.0020852261104506,0.0061215095152743,0.0047571657187221,0.0356672813328149,0.0102694814630724,1,drilling
0.0038030188363522,0.0084510136990932,0.0100352034938564,0.01588123378129,0.0023621736627557,0.0066483394110236,0.0006396136119754,0.0003366946684399,0.000741599182995,0.0010951780951238,0.0010240222302937,0.001957753251045,0.0040828558433424,0.0019687213489521,0.0058687856895529,0.0056410774232235,0.0339127898695714,0.0098020476477536,1,drilling
0.0043770572168919,0.0078147955962063,0.0090807469095948,0.0164652960954196,0.0020646175750158,0.005355420515652,0.0008292150368528,0.0004753764732095,0.0003992341730399,0.0009962217294688,0.0005226490214782,0.0019608792818005,0.0032989973687196,0.0019450681629687,0.0054146776750673,0.0057880720568666,0.0318222029874684,0.0101728157947207,1,drilling
0.0040423574381802,0.0084203364598042,0.0089581091939762,0.0163691304390528,0.0024965260839541,0.0054900712062235,0.0008666890156874,0.0011124099114833,0.0009260789862028,0.0009529705234781,0.0012712170899374,0.0015430879535444,0.0040046373700745,0.0022007405491948,0.00475729019042,0.0057347571588407,0.0312522462551995,0.0102926933199391,1,drilling
0.0041282208895407,0.0077970156143034,0.0085015795934884,0.0165729741196436,0.0025482894479666,0.0069490868205009,0.000402689936561,0.000884945336484,0.0005495649012242,0.0007234331126042,0.0015581272619138,0.0020299857312302,0.0038033066708858,0.0017811339090314,0.0057011892680813,0.0061308620237239,0.0310390315822146,0.0099278641391648,1,drilling
0.0046403561566157,0.0068227996130108,0.0092864996582568,0.0071103071723801,0.0021145650181165,0.0055106802493913,0.0005594213122177,0.0006953504764576,0.0004910411506233,0.0012586888867211,0.0013303551116899,0.00210923473589,0.0036634116033433,0.0018959991384579,0.0054211619393231,0.0056568796990992,0.030351961343742,0.0098167603512829,1,drilling
0.0048725250009257,0.0072034899468094,0.0095869372228176,0.0165919751253108,0.0024155347873242,0.0063813317967086,0.0006104529444862,0.0005178028919084,0.0008997276074668,0.0013992650220545,0.0008783956139247,0.0020904880286112,0.0036948429229902,0.0017625418956208,0.0053775815080029,0.0059910984259587,0.0295578150863088,0.0096923455670119,1,drilling
0.0053267026538697,0.007678887359937,0.0091180477165673,0.0164275095074211,0.0022502690759247,0.0066105213057101,0.0008038943859633,0.0003843970470926,0.0008323246252479,0.001607665348381,0.0015254324677317,0.0016225429629094,0.0031506680991704,0.0018300806699559,0.0053777984046223,0.0058902042369417,0.0296987066213266,0.0097331179069903,1,drilling
0.0048088852811562,0.008338405863567,0.0100416527757136,0.0162127107652399,0.0022813731585041,0.0050579617122414,0.0006276619535739,0.0002638780665896,0.0006437415702041,0.0010263619001325,0.0008730281785559,0.0013222848500403,0.0038267229245959,0.0018405711955025,0.0049714761555574,0.0057807244056981,0.0293890314256913,0.0098784359669902,1,drilling
0.0046320636074974,0.0065736019920643,0.0100885370007183,0.016074172662333,0.0019911996938331,0.0066865927129512,0.0006147102120823,0.0006082190464402,0.0007191155511542,0.0010603820789914,0.0010058802755025,0.0015620718946713,0.0029001706170374,0.0020739332309639,0.0052742476944944,0.0061120323302062,0.0300589154743296,0.0099055996354739,1,drilling
0.0036381258122115,0.0083736174110952,0.0102983429966118,0.0155790660973037,0.0020808817944692,0.00552144529352,0.0005443680067083,0.0004588275249898,0.0006724058749446,0.0010832515658943,0.0010636499851248,0.0013986880585748,0.0036301699064723,0.0020922940183615,0.0053458640386399,0.0053309962245884,0.0305554367288571,0.0113806685687557,1,drilling
0.0042824590050905,0.0077598963898634,0.0106021827773902,0.0141259697478231,0.0021187289067295,0.0057172358079626,0.0007810488189096,0.0008901810361173,0.0008333651401028,0.001258919127287,0.0010823020347819,0.0019854912214483,0.0040829258573327,0.0018706106121984,0.0051463784420265,0.0055206740963898,0.031359070768015,0.010484719046226,1,drilling
0.0046944257449818,0.0075621114020003,0.0111408075525762,0.0133628206241773,0.0014165236922086,0.0062190331020474,0.0008248492773536,0.0005707566115161,0.0006893540435509,0.0011847235115963,0.0011108488273602,0.0021614092907313,0.0038422672450559,0.0018341519459159,0.0058987688679495,0.0053154450887945,0.033129586377114,0.0111168053858698,1,drilling
0.0050758149093941,0.0082817518223994,0.0113032155387564,0.0131201398082097,0.0012072113008498,0.0051331513802274,0.0002619010248265,0.0005663368151154,0.0007317182750005,0.0013661349623855,0.0014600260205837,0.0013063585959571,0.0042908197482404,0.0017665388222521,0.0052753077614548,0.0061161368766968,0.0357361102673418,0.0119538581077042,1,drilling
0.0037726424568654,0.0105269141614365,0.0112959887943791,0.0142187642187642,0.0043683898071486,0.0103335889174325,0.0005052552610209,0.0008554577520212,0.0009978738302299,0.0009565904056852,0.0006024454949487,0.0012474944074825,0.0045039465831935,0.0023083748763865,0.0056041057920675,0.009140266530172,0.04333074793204,0.0219522582288039,1,drilling
0.0053832062268623,0.012993914949629,0.0186449589624453,0.0152754079679583,0.0045465849918138,0.0106059609743059,0.0006984002025919,0.0003425002145763,0.0007874371024771,0.0021010354322817,0.000511753598421,0.0010429671162897,0.0057599671912268,0.0022332096135207,0.0036473108741655,0.002073084521729,0.0385227303370353,0.0062607371642366,1,drilling
0.0050029742682024,0.0102158089643723,0.0129626869057418,0.0144060044226433,0.0035921127262447,0.0065370329453386,0.0007717336200889,4.787397035596839e-05,0.0012037514190724,0.0019778993482623,0.0004439574724258,0.0012974825076652,0.0052635789810553,0.002549193052939,0.0022820187193995,0.0013634545903493,0.035480620485091,0.0068150670227766,1,drilling
0.004920271913907,0.0098503631336369,0.010781113214626,0.0149300749937666,0.0029010969627835,0.0050770493001795,0.0006708033769315,0.0004331941422794,0.000721093454577,0.0011245265883628,0.001347799716962,0.0006752771708911,0.0052706227609735,0.0018481869655505,0.0023977900049082,0.0020494646490916,0.0358533454756663,0.0066158525088305,1,drilling
0.0046165153065181,0.0099802192055346,0.009270830629341,0.015553623449887,0.0026212113666209,0.0056648975191714,0.0010371169641844,0.000293300597858,0.000647815368992,0.00139850536138,0.0008390548483441,0.0012069430606506,0.0050176898656212,0.0017135253007151,0.002558549854879,0.0025805259576396,0.0348327678814013,0.0064789079152818,1,drilling
0.0042525251494337,0.010037560551584,0.0087544439746226,0.0156256347914134,0.0027508810384245,0.0044583664367041,0.0006479828585206,0.0003861485428491,0.0005220674518456,0.0015601429652607,0.0006593870772924,0.0016888922066238,0.0047310336409609,0.0022340338071867,0.0014419637700834,0.0023610849752121,0.0337348909856997,0.0066587250272841,1,drilling
0.0038474856681158,0.0094568281609211,0.0078775513419408,0.016040087386396,0.0019627640113871,0.0041436538491022,0.0006275445362081,0.0005479536124389,0.0006469343077026,0.0018281308385928,0.0005963002906248,0.0011555849536367,0.0057100863536359,0.002376786779171,0.0018768969562925,0.0028308387039061,0.0321702708093396,0.0064594183810501,1,drilling
0.0049746046432959,0.0102629364313717,0.0090177342762276,0.015679977922591,0.0022421494500231,0.0051123019366422,0.0006239263786838,0.0003069487173411,0.000392311171806,0.0013557035260764,0.0009522456428096,0.0017968260505278,0.0044772196823949,0.0024016707943382,0.00148359940205,0.0031026040466023,0.0314488154803649,0.0064330690628562,1,drilling
0.0051492749048542,0.0103858984425306,0.009464032889407,0.016616678159869,0.0020931970885303,0.0039250457562209,0.0008445950939329,0.000148898750056,0.0004796284989498,0.0009185411105474,0.0006733785902105,0.0007730118675873,0.0047355816928094,0.0024755508410065,0.0011539339859753,0.0032183999788872,0.029872861103145,0.0063864219560077,1,drilling
0.0034781592468254,0.0089052745941421,0.0095947190666257,0.0166077092986564,0.0021725580284818,0.0043541092559219,0.0004478897517584,0.0005189961679917,0.0005740706083885,0.0014567792533656,0.0008915977610197,0.00112532217974,0.0042953333780048,0.0020318083663366,0.0012262954032807,0.0034487099238352,0.0292009169087909,0.0064153804898014,1,drilling
0.0041795047119736,0.0091895716740642,0.0095378801679811,0.0155393393916037,0.0019450878362765,0.0056579583144263,0.0007224528893889,0.0004536436316259,0.0059592802381328,0.0018796557899131,0.000101192400653,0.0007668567576759,0.0051852858181395,0.0021297929926402,0.0007128822019904,0.0034136520136791,0.0283862689939622,0.0067316767125722,1,drilling
0.0044147147741078,0.0084351668855592,0.0081850810527651,0.0163467071193178,0.0017161089083899,0.0039382932461027,0.0005235039396027,0.0005551924905107,0.0008162750219924,0.001474979988209,0.0012332700748002,0.0008911904575603,0.004670470297677,0.0014293197795703,0.0013092837118297,0.0039179410749498,0.0279633456465265,0.0065701640964184,1,drilling
0.0051782965165081,0.0089675241114304,0.0098094610289732,0.0167073490616317,0.0016777045646146,0.0048744060536223,0.0009109564651172,0.0009081313444893,0.0009996681101874,0.0013588145484469,0.0002684414944513,0.000997756046651,0.0047430837538472,0.0024247779327749,0.0005696306543318,0.0040902505605688,0.027848869753621,0.0068314643585425,1,drilling
0.0043135223317521,0.0083611900314547,0.0091851318433824,0.0170175399784557,0.0019915680989825,0.0092956068032687,0.0005161488523739,0.0002458896955546,0.0008246492952093,0.0016334659272075,0.0002085539312541,0.0010159972836296,0.0045854900421498,0.0018046117937155,0.0004209132251187,0.0042348764093668,0.02793140048042,0.0069834450451759,1,drilling
0.0051107969674575,0.00948832319506,0.0096055297113442,0.0172833659700894,0.0023970922312398,0.009409205402013,0.0007368638000847,0.0008474867145863,0.0007034821875847,0.0012273381220793,0.0009633554054112,0.0012294718164487,0.0049008292693206,0.0018917749597477,0.0008518118293153,0.0037937936570805,0.0280897298329784,0.0060914769273128,1,drilling
0.0042041077495999,0.0083311533482072,0.009795115567671,0.016784803710113,0.0021954349881205,0.0040039062108993,0.0005020824623248,8.244546846479793e-05,0.0055197050711186,0.0012106851194449,0.0004233498257724,0.0010412771639275,0.0050854120378822,0.0017398878155134,0.0009050994206458,0.0041261121419514,0.0275088028169014,0.0066040819830737,1,drilling
0.005085308594324,0.0091826352694001,0.0092339343393397,0.0172589060269825,0.0021034466656373,0.0060123975637765,0.0005399599814059,0.0005410089958434,0.0006122049547093,0.0009966021845121,0.0006792326979903,0.0008049634691478,0.0043126405651284,0.0018422924012807,0.0005536411260573,0.0043222085448334,0.0280230573716053,0.0066446418936697,1,drilling
0.0051585958714725,0.0096285683474295,0.0102102390319059,0.0172008682998317,0.0015969155257237,0.0042664427637504,0.0008630667003838,0.0003300591030234,0.0005918696523097,0.0014298920360018,0.0002756866333997,0.001536372072443,0.0047889555192233,0.0017219166585449,0.0008504740712567,0.0042567537655243,0.0278470085351081,0.0063960743454097,1,drilling
0.0040501341809454,0.0086275917285552,0.0096984368059556,0.0176913496376811,0.0018338475441847,0.0055377302172894,0.0011303138881667,0.0007587305800062,0.0006679381537361,0.0014310713057037,0.0009006319283925,0.0010587742528124,0.0048814324465885,0.0023993324097503,0.0003008462504178,0.0047526935890916,0.0292755473063568,0.0064953623113097,1,drilling
0.0031672852374735,0.0102993081954685,0.0101014488508086,0.0168504488959585,0.0019414968746754,0.0054582292630953,0.0007875135009345,0.0004477611205168,0.0003556450326844,0.0011947751050924,0.0010075794153943,0.0010953451991348,0.0053486175428237,0.0019372711598442,0.0002509283344661,0.0048694619001127,0.0289845831002489,0.0070948302100708,1,drilling
0.0048727837970193,0.0094997976543099,0.0090157586445347,0.0166814575590356,0.0018850535798204,0.0042929325451509,0.0003019649614956,0.0002843995553242,0.0007230788698277,0.0010801544836942,0.0008205018468265,0.000918401412134,0.0046675382516428,0.00214633497206,0.0001940668824729,0.0047909447311824,0.0282815027659309,0.0072693912829821,1,drilling
0.0049600271412685,0.0093928287630959,0.0085463219194355,0.0165931589724188,0.0021164455651258,0.0044711421309016,0.0006971376226352,0.0003796933467435,0.0005266025384138,0.0015910093968196,0.0005580835500185,0.0012658202211236,0.0044420358738817,0.0019912433084268,0.0003569145592943,0.0053497134425994,0.0282719079014328,0.0069504102132107,1,drilling
0.0037266307643058,0.0091156373288994,0.0096485049641558,0.016031832807222,0.0020289527499512,0.0051669519685311,0.0006813122455383,6.731649024933092e-05,0.000723360844434,0.0014755489005021,0.0003397850241313,0.0008233035747511,0.0054778702259676,0.0022810401086687,3.460784857000854e-05,0.0057125556260104,0.0278720006243328,0.0068677120697979,1,drilling
0.0041304273298811,0.0098021725535247,0.0088997743017237,0.0164270777378599,0.0018998248931395,0.0037414731826168,0.0007653776813571,0.0004558840960274,0.0008302550244543,0.0014038939807343,0.0006124945082211,0.0007086221529599,0.0045856035892436,0.0019933378661836,0.0008015749344311,0.0052358296198211,0.0279509181876624,0.0066132973569957,1,drilling
0.0044691618891326,0.0093919995191296,0.0083314587551134,0.0166274259414448,0.0025043143074731,0.0108422357123728,0.0006858477242475,0.0003856180062631,0.0004632382251212,0.0014335610401689,0.0003266749999281,0.0008291172720051,0.0043623374974752,0.0027076445198493,0.0006639203821366,0.0049936954594824,0.0271062211488158,0.0068288892060528,1,drilling
0.0047553423894073,0.0092463657159553,0.0086810378354353,0.0170815782011731,0.0019177588303205,0.004768078288031,0.0004265498625272,0.0004090232492087,0.0005981211101941,0.001929027602263,0.0002087751668285,0.0007728763078709,0.004548415150225,0.0021732700390167,0.0008689294632605,0.0051972863928285,0.0273588080314516,0.0067122968607258,1,drilling
0.0047317074555621,0.0081144198108691,0.0081395244727012,0.0162271805273833,0.0020420123623428,0.0050097037962533,0.0007338611996942,0.0001168932295137,0.0005161892965258,0.0008932784193402,0.0004433127556418,0.0007965214950485,0.0048433960536977,0.0023169853795905,0.0005414416750905,0.0057528991735385,0.027125043739133,0.0072281754278176,1,drilling
0.0032567784143332,0.0086037269624455,0.0081342939392189,0.0158784851290047,0.0018062539737587,0.005425076439327,0.0009667311089623,0.0005123803912024,0.0003685738051353,0.0010656671561275,0.0007848522880524,0.0010078755394653,0.0049035592484805,0.0023361030950329,0.0005985538699081,0.0055130256256457,0.0273471363446176,0.0064410412844982,1,drilling
0.0060171078410135,0.0082202703646922,0.0086516566192094,0.0167191648442776,0.0020499393935418,0.0048575640773421,0.0007430749869664,0.0001278961098876,0.0005560027362006,0.0016802721099865,0.0008940710838367,0.0010214121697378,0.0041391893480445,0.0025592930618332,0.0006792713157716,0.0062044361718628,0.0269618085981207,0.0066332439614263,1,drilling
0.0056304847960019,0.0079417393997633,0.007510947205552,0.0171470704230182,0.002106773381761,0.0051581914142935,0.0008131935117566,0.0001145719792501,0.0006944803741582,0.0015892952699235,0.00080984807655,0.0009293415141408,0.0044496376660048,0.0021983626594912,0.00051720481828,0.0057333696446744,0.0267282485513289,0.0069150124228198,1,drilling
0.0049100238136154,0.0075224507542761,0.0087668619631283,0.0164180697275421,0.0022378198264123,0.0092108596034724,0.0006418701116776,0.0004383118000242,0.0007756733329325,0.0014147751476636,0.0010554279074136,0.001098932738503,0.0039060516458148,0.0022800176290963,0.0009584900943882,0.006148881641407,0.0270678482684697,0.0066438869927973,1,drilling
0.0057242655624176,0.0076036028911939,0.0081190710483669,0.0169434377218531,0.0017211043362707,0.0104219210518636,0.0009913377895288,0.0004204631864508,0.0008472336128074,0.0012490859813331,0.0015827781079628,0.000590843660345,0.0046829151334022,0.0029277724394726,0.0008389488373763,0.0057118932469999,0.0274318318977341,0.0072985135847233,1,drilling
0.0044812203259191,0.0085400451255984,0.0074608436274323,0.0169240246684583,0.0026797818764743,0.0092834477982446,0.0017724867865541,0.0003232639103612,0.000833973477475,0.0013820278882171,0.0002553203592633,0.0012913743425613,0.0042920333851524,0.0021117442120258,0.0007183526679151,0.0057026880760784,0.0280574166975298,0.0068289358400991,1,drilling
0.0042008705043859,0.0084438207275533,0.0085485429008625,0.0177130032928473,0.0016268347035077,0.0098057673601305,0.000787152475134,0.0004417477999082,0.0003510189430531,0.0012768972010924,0.000705947366541,0.0005700845076171,0.0043767047264909,0.0019590518972438,0.0011128241183706,0.0055440916061344,0.0277831800627899,0.0069099856894196,1,drilling
0.0038933850997816,0.0084874873218158,0.0094524391073872,0.016842048532047,0.0018749625007499,0.0041224312615505,0.0007372233661471,0.0001464322099552,0.0006588322725035,0.0015643488648146,0.0014816599391897,0.0008064037489387,0.00424168259065,0.0025443512222427,0.001042045602208,0.0056569212997794,0.0283370407628331,0.0072237476369315,1,drilling
0.0041834160185509,0.0096004393161031,0.0091933227058522,0.0167430989132054,0.0016111647270928,0.0045917118682435,0.0007013206499026,0.000410924206345,0.0004421222611299,0.00117742083611,0.0007031850838692,0.0006779408225455,0.004243205249354,0.0020314637163312,0.0017651515311983,0.005874529450191,0.027368467146892,0.0072291107615434,1,drilling
0.0036566373635937,0.0091079077587533,0.008012460979315,0.0168737639967872,0.0018420375440408,0.0097457812949219,0.0005809566590065,0.0004208572297821,0.0003367335338648,0.0015463964555356,0.0007628000712455,0.0011710936152327,0.0050286330365098,0.0027146405178013,0.0009420206097153,0.0060320288668773,0.0272793239092362,0.0077132223914846,1,drilling
0.0038500779640787,0.0093286018664666,0.0082343767112064,0.0161940697316642,0.0021607699255398,0.0030891962158582,0.0003217729017599,0.0005859947260474,0.0008287414839561,0.0017660490145711,0.0004366403615591,0.0010473469967429,0.0045688783540707,0.002221003631563,0.0009919672476222,0.00639663895003,0.0268453493116852,0.0068485645408722,1,drilling
0.0038735757830239,0.0085343601875511,0.0083279687334741,0.017815150003563,0.002057343936061,0.0042138157534344,0.0004391182330233,0.0009257612604276,0.0007170473196018,0.0014937733551464,0.000511123530277,0.0005783410022314,0.0051809552230763,0.0020664239582846,0.0007843955487121,0.0058425821408623,0.026884755805763,0.0070000315001417,1,drilling
0.0033681453610702,0.0091159198601253,0.0074662023684287,0.0063686479105739,0.0025206968113437,0.0110450494431638,0.0004952862125294,0.0003467949539808,0.0006843341206597,0.0011326276383569,0.0006958654597019,0.00105029748626,0.00557963789266,0.0027060120823439,0.000961971996418,0.0061578440156532,0.0269985690758389,0.0071087200536281,1,drilling
0.0047154930826074,0.0085636967766245,0.0075749369575871,0.0169148927172929,0.0020932365225396,0.0096832230414228,0.0008120935674718,0.0002165586598397,0.0002310051563353,0.0009093160888205,0.0005416309754421,0.0012617349233716,0.0046560288822783,0.0022225368346585,0.0006722389901034,0.0063839512572553,0.0259930650502445,0.007108068226082,1,drilling
0.0042196282760666,0.0093050088862834,0.0081484982317758,0.0165204605904412,0.0015848274954891,0.0096700202296823,0.0005346530280956,0.0002747872981439,0.0003134209777487,0.0014211804779827,0.0003565048789296,0.0007942948659242,0.0047118358961794,0.0019937476075028,0.0008588956422898,0.0063912138704679,0.0260226240693659,0.0066143603053717,1,drilling
0.0048508438285381,0.008754604922189,0.0077700862557275,0.0065307401940935,0.0019311767239131,0.0032172899737018,0.0005369688559137,0.000123433531284,0.0005084732749243,0.001385191197941,0.0003207443321269,0.0009241372924237,0.0048507708845089,0.0023844370654065,0.0010432437033983,0.0061188388646616,0.0262182300597251,0.0066442224831186,1,drilling
0.0046087558064562,0.0099292836419023,0.007532916963903,0.0163968295090461,0.0022001420851758,0.0102854838908751,0.0009569904564126,0.0002720653797049,0.0054389416254712,0.0015515044395523,0.0008219240007972,0.0011268984576591,0.0037954149868792,0.0017689302960092,0.0006657193480344,0.0065646649033976,0.0262901911296895,0.0068251232787892,1,drilling
0.0047793722294576,0.0084245075664714,0.007995202878273,0.0166025807051448,0.0013940705717557,0.0108061729182178,0.0007294068390644,7.295215530650111e-05,0.0009521689360978,0.0017823720198962,0.0005297312736816,0.001101592131107,0.0043337620868624,0.0023976330566464,0.0012106920085489,0.0059908938413611,0.0265678343229851,0.0066996782144553,1,drilling
0.0024240302848647,0.0098163363469485,0.0068168835117311,0.01778046460354,0.0021371909915689,0.0093730990183553,0.0009450805203877,0.0004202305367915,0.0005938550139802,0.0009667106423337,0.000290932136966,0.0010876794739111,0.0044277390768783,0.0021697782009327,0.0010690253642303,0.0063103267234764,0.026400409734359,0.0076911244423934,1,drilling
0.0033382450044832,0.0102199434019534,0.0079613904409177,0.0172049818745515,0.0023368766615193,0.0108830033606714,0.0005653223470849,0.0003617861628876,0.0002335820546195,0.0012854491526447,0.0001005054822725,0.0010823144515279,0.0044398763050461,0.0025372899155666,0.0013167236544664,0.0057395726314218,0.0269774468544297,0.0072766222501644,1,drilling
