R1_1,R1_3,R1_5,R1_7,R1_9,R1_11,R4_1,R4_3,R4_5,R4_7,R4_9,R4_11
0.009236936662325307,0.0019786538861454855,0.005354115869492355,0.022045369370163798,0.02866808095866063,0.02197879485872031,0.004893016637724474,0.01199737017645732,0.02286273442876315,0.00512331039627269,0.0063065619777378365,0.014816680619040916
0.010264390161787318,0.0015336181364453921,0.005775132510415451,0.02176908659089573,0.016644861897580836,0.023429299745089217,0.004929964918369641,0.01245778368553564,0.02335575485799701,0.004597086091010352,0.0063708551216578495,0.014466839111388876
0.010819489796139174,0.001685310129084644,0.005700919501306366,0.011201155959295,0.02903887143330062,0.021660352673862238,0.005009334895577909,0.011542785643544927,0.023003788724002844,0.004807290159380898,0.006720809508063628,0.014848228829024129
0.010608875172792055,0.0013522473065600087,0.006186139706541904,0.022017653754780583,0.029587724644799362,0.02229868192491142,0.005545158383586331,0.011572011470177768,0.022579734688117414,0.005422052572221741,0.006257199690393759,0.015217225899718481
0.010725447841074605,0.0014488925607046136,0.00560722300038017,0.011865351985666656,0.02903963038358448,0.02221003138277434,0.005413936012690267,0.011720952257045171,0.022446084505018945,0.005063342413594062,0.006659727230892078,0.014951169480476763
0.011112728630500661,0.001958724580406917,0.005604231418890519,0.011882609325947103,0.028251939495646375,0.02281256059586408,0.0050808102876246704,0.012065913673214032,0.022496175650139477,0.005103801106912384,0.006799349166297802,0.01505872148442853
0.0108603929072946,0.0015003516824343625,0.005748666022049584,0.011016164017462823,0.029187194993812313,0.0224010322395656,0.005193696306918367,0.011049052267541751,0.022422932381405112,0.005448798458207988,0.006523825336319506,0.01470132061963126
0.01033081330360814,0.0014798363419392723,0.0048920448013462904,0.02135077834262448,0.028997274256219917,0.022327758092137724,0.005188016304897643,0.011599703511578243,0.02289639381797367,0.0058045952658881935,0.006383466311575714,0.014826258489886267
0.01082767857819587,0.0011940893057003554,0.006222736635117392,0.021037130535394973,0.02898584331412538,0.021765248733262525,0.005205754857880289,0.011359286273324875,0.023364868117001912,0.005496970070097362,0.006325630823533877,0.01469179551371332
0.0102538546803207,0.001388610588183507,0.005575251680799,0.011943250451156287,0.029109115519524942,0.02248150895888132,0.005184393317109639,0.011930156094162335,0.022929836991788827,0.00533057280736216,0.006606516535780563,0.014777225930484974
0.010758472296933835,0.0018870010910640308,0.005360266169376907,0.020993275853744043,0.02915621902151729,0.022011353456112662,0.005638764930039844,0.011982965016931928,0.023488845147439482,0.00570317592757879,0.006373173528131507,0.0146725669949409
0.010592356343815175,0.0022688295267289673,0.005625825238239635,0.011934384752630041,0.028699180925376388,0.02247494044140783,0.005052127855210057,0.011412841272486152,0.023167669054481088,0.005926112049741414,0.006022659654684786,0.01514527346305765
0.010056456949313446,0.0014783535044813332,0.005608056309371791,0.021666594444685182,0.02906621865934973,0.022228495597646447,0.005043009304856468,0.011434308184334769,0.02326295513971731,0.005648632466079963,0.006169248394298874,0.01509939934589402
0.010600789122742297,0.0014235305036963393,0.005902825328315145,0.021258232250438984,0.01676007615778606,0.02233399144161448,0.005566729218147315,0.01177900698259534,0.023630885567436637,0.005709251785425765,0.00594189774707005,0.014826434346324748
0.01060590473140016,0.0014831030074362785,0.00580900907599578,0.022146285071410695,0.02849717308043042,0.02212408959371322,0.005357572419645789,0.011513269618899261,0.022919221204863456,0.00551981170818301,0.006424538653879265,0.014886069467331776
0.010639576885306425,0.0008152665509912133,0.006298514306445396,0.012135598321404041,0.029261669553818065,0.022272707024811794,0.005530560494653331,0.011846277958696768,0.02233608662827838,0.0049950623808365435,0.006474239325436056,0.015106379121775544
0.009958978965640526,0.0014095122058823738,0.006292874138112226,0.021480108345666497,0.029510276953949213,0.021946765924573355,0.005507056742509853,0.011341841983189122,0.023101997629735044,0.005474988064526019,0.0060136124130581985,0.014762827790137545
0.010100418359328444,0.0012374856173234126,0.006447066681365979,0.02157464720058165,0.02858220814707261,0.021981548688031267,0.005166321986884775,0.01137417039644671,0.02298422592574716,0.005760103221049721,0.006731015171708197,0.014881395279621418
0.010265844304098947,0.002078282241535468,0.005723181173023213,0.020818370129802536,0.02907509224073013,0.022802521046726927,0.005155516144498806,0.011466824755957302,0.022592794254200566,0.005802638343602069,0.0063795039297744206,0.014959086897335785
0.01108456972471471,0.0011115194092407722,0.005641118791807741,0.012494611698704935,0.029283863127223746,0.0222845694955442,0.005019964398412486,0.012377708242563472,0.02296986583301367,0.005665767320533987,0.006622174483702167,0.014761847120406483
0.010993952226879992,0.0008372529329388868,0.005778032267999004,0.022329353498228163,0.028781533767934492,0.02168995082888147,0.00498882503192848,0.012112080346696186,0.023181793946306328,0.005748705678916392,0.006592140322935771,0.0145367008085313
0.009841270153691116,0.0019782589343119122,0.005529658322412258,0.020969108309638242,0.02883830649928914,0.022435106454580127,0.005380454637655973,0.01182116935007211,0.02269034934061845,0.006078000192064806,0.006490615219454191,0.015002850541602905
0.010163892770931266,0.001973971605208048,0.0052849457790987795,0.021975172450165805,0.028787499316296893,0.022460553652647538,0.005497033525857771,0.01145907220475987,0.022766804178163902,0.006346079645837987,0.006410938599876654,0.01490901771936756
0.010016426940181898,0.002047299161999507,0.005843422001418783,0.022721798839370515,0.02894959296872286,0.022461915821724267,0.00499646250454678,0.01186666144533563,0.023089995566720853,0.005535314754602891,0.005987256722791211,0.014759864386366018
0.01047424226712879,0.0019090447102089222,0.005649063244087549,0.022854321980829793,0.028970224403358228,0.02205786660725748,0.0047580235741036,0.011380163464668006,0.022509746720329904,0.006030206510452158,0.006458116851874695,0.014952555541267556
0.011417988584295012,0.0014679730844199025,0.005676464243951728,0.021649520246631335,0.02971185443568275,0.021785353271288648,0.00549769536610253,0.011977496679239044,0.023574730717638378,0.005659658688623124,0.006407586582513696,0.015031378001578295
0.010545375167539648,0.001907997141057084,0.005146632712615118,0.012938870307233475,0.029156049005487166,0.022697611076434206,0.005760325527516211,0.011976722043037152,0.023883562854372365,0.00568293539525384,0.0063151925218016235,0.015038769948928337
0.009988622958450325,0.001489958351194209,0.005086560544058516,0.022230966402340475,0.029029851396190704,0.022016199519606525,0.005427349499598376,0.01220159474843362,0.022929784414166935,0.006047945694286022,0.006341849803434365,0.014861159616284857
0.011026999608541515,0.002040130592839509,0.005805569166389935,0.022366160893215,0.02953162837398854,0.022370213613169793,0.0056973953787286605,0.01149565349341414,0.02350850302554434,0.0059096311030976505,0.0061940598965592,0.014885559816133567
0.010163045742852584,0.0015581469270226306,0.005750325468421513,0.02172321581797683,0.02927769010736129,0.022252634155568166,0.005766241194949695,0.011680960268381745,0.022493392565933756,0.005713665373473737,0.006341829693968667,0.01467146912756109
0.010271042541631104,0.0020197695039042146,0.005823521669906486,0.022643850722678494,0.029614274080106612,0.022125802890072373,0.005512670045198382,0.012223623864425342,0.02308173473085543,0.005022576481283369,0.006930953151608361,0.014614776415843002
0.010942367643856572,0.0022398744236803107,0.00774355213772372,0.026159178601791903,0.028850953091235372,0.02184422012857508,0.005547711707613402,0.012455937122429405,0.025827446827743843,0.0038178605625693893,0.009647583425065772,0.015482824129052436
0.01001748050347857,0.0025458410504140172,0.030447054095281013,0.002765355952470168,0.020659108187617757,0.028515700744830105,0.005655149013176497,0.012047742795148614,0.030162545960179407,0.0034320576146375883,0.017201371293319504,0.02244341454108828
0.010455581032321337,0.012609259231238684,0.04894427205184177,0.023627982146696692,0.028578777399902833,0.044325455222425134,0.007687222299094444,0.01049941518257433,0.037551492484068784,0.01363415738180549,0.04333656913049508,0.053210452661320795
0.01896662253765823,0.031312527202758005,0.04748405722778577,0.02766864036301256,0.027593057586711184,0.05151956970855379,0.009314152388847233,0.013840294078568583,0.05483658697082693,0.027923990896778966,0.049712166555642825,0.06805637790345523
0.025690430314707774,0.0402973947734279,0.03862375824617239,0.02929132566681703,0.026914567778956035,0.05276599337259123,0.008823477508955829,0.016864913727533827,0.051688401639556104,0.023862191074108807,0.052566286086755405,0.06916729493626234
0.027729559155468545,0.04170298301437502,0.03527896844296272,0.030588055364380206,0.02563366417849233,0.053419944870616895,0.00848364226516642,0.020366101032154,0.043545661981153436,0.01340040683635155,0.052794129292822636,0.06352836541515787
0.025543175629766997,0.04255753779109356,0.034523353322354906,0.03228858243436538,0.025092025001693715,0.05307855626326964,0.00734056476837215,0.024078225338479652,0.03345824411134903,0.0041627744725348465,0.054840496416173556,0.05843783966994308
0.027411303873491354,0.04192520543350663,0.035003220296267255,0.032914333863254104,0.02470489996986002,0.05302198821851422,0.007004881001081553,0.025108657716267146,0.032012292720404636,0.00959142449918377,0.05370771189035034,0.05660110372152257
0.02797539284445402,0.0444574853068011,0.03463251438980973,0.032931893550947285,0.025534174939739345,0.0524125496608908,0.006832425873303595,0.025042885942175977,0.03164436793539486,0.010060382415256369,0.0606273720459313,0.056558206878609116
0.027654331912822485,0.0440073052126653,0.034886966229416685,0.03347851850859895,0.024965734529358453,0.051201703992708875,0.007729014566100851,0.02412580157975749,0.0315540030986031,0.008654584290025505,0.05942159024059802,0.056813339772178506
0.028259524166132092,0.043605094819278684,0.03503706921923395,0.03402135860893469,0.0241564565377034,0.05107800121565643,0.008122078082409853,0.024682155542007797,0.03216716632998366,0.009799041261802945,0.05120196615550037,0.054485223607357684
0.027572059577706337,0.043844649637404746,0.034371466183632994,0.03417272947842163,0.024651368027668697,0.050338779989328175,0.007328992615307041,0.024718456777306483,0.031840339800106345,0.01106977166381989,0.059707552408304124,0.05479151827297134
0.027440563738941454,0.043058904581467446,0.03472535715029829,0.03483652958492275,0.02482350488030106,0.05074210326018014,0.007293972625720736,0.024661703087891847,0.03133303253622099,0.011002601014879917,0.05839279666460346,0.05474892144624751
0.02660140455416046,0.043770763756056784,0.03419107339455815,0.03499844256930566,0.024604059177683133,0.04959948416536468,0.007208412505730688,0.02448322042488181,0.030843635107459227,0.012067879408094652,0.05766779887778464,0.054667512190855215
0.02917059254224631,0.04243023408760146,0.03420452252196785,0.03497946705283998,0.02331083837430213,0.048130838872390704,0.006566436578728948,0.02568205107132676,0.02944389318933307,0.019669938433092705,0.04561981359744164,0.05840370980364673
0.02842992875459854,0.04408432449589575,0.033346227207853706,0.037035665345727935,0.022825213643999708,0.04673377636953332,0.0050755263701510326,0.02908033442384587,0.03370839541296155,0.022904417575017693,0.07373326254940128,0.062452380060204093
0.030924806333400338,0.04349963242810598,0.03406946081671312,0.037238122900700825,0.022266904477206483,0.048463465816294383,0.003521256947880115,0.029135406803117492,0.042724452913380444,0.02596391016487083,0.08929767379559764,0.0519685694092213
0.029371594730735903,0.04439314569830418,0.03549371761198268,0.038903239861815694,0.020968580678711022,0.04694593236968982,0.00418750999768012,0.028012695353534223,0.04101722723543889,0.04893684699894786,0.04667488144580113,0.041906581847745004
0.029160555100326887,0.04307949459136945,0.03525993625003526,0.03823477682360768,0.020680769572797342,0.04667989263624694,0.004783105306759676,0.029157069131410914,0.0384477859842441,0.06651766709237973,0.03041075810978892,0.03786745632935599
0.02839586101929783,0.04437758222056546,0.03552360010372891,0.03758748487103734,0.021067844780546796,0.046002603747372105,0.006145322119349529,0.02844861184998478,0.041127891290757744,0.06208789161937638,0.06733145254142567,0.03599206734835642
0.029554233496177158,0.04367193641366058,0.03514691410094194,0.036735668497327484,0.021133785314555262,0.046678149491441556,0.006343994204126895,0.028673259604825134,0.05106339520514719,0.040317703503608436,0.08103859057683269,0.04486417371408062
0.02861164837428614,0.04392708104546453,0.0349214442112468,0.037974443199726586,0.021181279984749477,0.04598906380062821,0.0064546236728486904,0.02852660105548424,0.06969272477646059,0.004597039598439398,0.06362456417173543,0.053272531617247515
0.028567673962850593,0.04419166810289588,0.034500841820540425,0.03413738248206081,0.021148758250659313,0.04689309780493409,0.007849164181752105,0.025226407002850584,0.08083551589226243,0.02787106843740855,0.04441365097976514,0.060763308683684444
0.028486295243358422,0.04471472008585226,0.03499133964343825,0.03841662056672199,0.021244909188635676,0.04629093854877908,0.008164404990410906,0.026258021825667742,0.08254162161269821,0.03279634779870914,0.034672741330947845,0.06064060737632348
0.0292902103330004,0.04396744650260947,0.03410082933216936,0.03369510645968886,0.021866670165333894,0.046095907144404646,0.007700624366623646,0.027071512106380213,0.08704583833846903,0.045588825267150516,0.034349388237395494,0.07114450159719407
0.02942959557849756,0.04489438595703607,0.035070614682663544,0.03911536686302581,0.022544254371330924,0.04666987133116474,0.007625828069605509,0.026041531033692535,0.08820520057862612,0.04865517107158149,0.031753692954490605,0.0727029502857226
0.02966628397160343,0.0445275625612254,0.034601477483088526,0.03932100488760091,0.02219869160911656,0.045699870669366004,0.008596382642184168,0.026294822812336482,0.08822387691004693,0.04853143866596781,0.031969718282842494,0.07171131891457748
0.02865313092761646,0.04462771559649405,0.034578266176577374,0.03859171127225295,0.02132541733841731,0.04466997820105064,0.008875902457382356,0.024436733297492793,0.0896499170738267,0.059298967604973996,0.03502418419918954,0.07952855472757493
0.02927631867858408,0.044896401553415496,0.03456093784560938,0.03921553248810789,0.021619424620633147,0.04528001159168296,0.008685124292813755,0.023900287998470382,0.09163215188945498,0.06397747992706568,0.0421908884557291,0.07785312229946982
0.029011575618671848,0.04480186375753231,0.03401522521480615,0.03852050446452647,0.021243916273477183,0.04517670869606465,0.008787570157763247,0.022165822518259097,0.09166490975589635,0.07126669422312176,0.04534612698729401,0.08716723906486985
0.03004401448121498,0.044399452998739056,0.0345456555383595,0.03963142772218369,0.021305335282061334,0.04509664210402893,0.008812909855388962,0.020553843877112676,0.08813834194151139,0.07578972897592919,0.05510734911607812,0.0901014542374714
0.029490521746310738,0.04459109961651655,0.03410943671676206,0.03915426781519186,0.020751666877641947,0.04557303534644622,0.009507203608173913,0.020017655572214695,0.08731184297838158,0.07324343921893196,0.06403401486869825,0.08518032675173341
0.027866563746157896,0.044006724227461956,0.03440457718494869,0.03954366609328351,0.02081165452653486,0.04512513199101108,0.009735410999846181,0.019394089845060615,0.08581554806099768,0.07318501170960187,0.057871040174076085,0.09091570296021528
0.02960121246566259,0.044700129183373336,0.03484405542992337,0.03866482622093855,0.020415829617652342,0.04438684018962058,0.009759163366442922,0.019656792404615417,0.08420414452799367,0.07127939384003479,0.06124261260985394,0.08902262064790663
0.028680989953049216,0.045086679140647894,0.03467069771312078,0.034997585166623504,0.019783528629733458,0.04353523524264363,0.008681000155389902,0.018469164805898313,0.08513174136976973,0.07195642319011607,0.06051656943671177,0.08894739650970417
0.030633500796471022,0.04488652686009767,0.035056967572304996,0.039360935845610664,0.019493785381220468,0.04224649987748515,0.009430714895342642,0.019153969181263587,0.08236146801080582,0.07016952958347367,0.05901480681502989,0.0899571803821381
0.029033728482377976,0.04466459125199316,0.03448228300299307,0.03897678153124184,0.020114936748581395,0.043926116272429774,0.009551508899618418,0.01880742140848779,0.08358478422587952,0.07156556837374402,0.061359857154252545,0.0875442098259621
0.029159364675762446,0.044797448337342706,0.034453057708871665,0.03431061398843732,0.020048758580868672,0.04306502387955574,0.009991776767720166,0.019210007645583043,0.0828644586050597,0.07092198581560284,0.05860805860805861,0.089539142035941
0.02852627555241133,0.04317323259579061,0.034597526968772274,0.03850967555598344,0.020458139577703083,0.04354698937888929,0.009836013975008656,0.018320051296143627,0.07968063999490044,0.06920702589726908,0.05976500400425527,0.08960653769299008
0.02876911347976812,0.04477959483422594,0.03413446932847258,0.0384981116676227,0.019771637585883052,0.04286602224746555,0.009968897041231358,0.017463252949980003,0.0780140737389025,0.06570561257342603,0.058558980605265626,0.09051657811128108
0.029357539603320923,0.043804125472537,0.034335471288678907,0.03907150476086285,0.020514630008390485,0.0430270381907991,0.01012638744165935,0.017294724590158263,0.07463633446034199,0.05841769822585451,0.05439956480348157,0.08862655428819582
0.02950183206377116,0.04572473708276177,0.03387591253239384,0.038619730820476185,0.020231161248424497,0.04378647961082577,0.009648504964155804,0.016026822490119462,0.07690296384022641,0.05851272359174503,0.052377410670326106,0.08907971743913629
0.02968883135853124,0.04450833863724368,0.03427028286691478,0.039053956946917864,0.020948813668681943,0.04410707433365237,0.009557323872857008,0.015341611666988842,0.07204766673631274,0.05766946171324437,0.05350855601810729,0.08927136710171579
0.028364046868751047,0.04530462832082925,0.03402726264282943,0.03994838668440375,0.02032561637431655,0.043372657876474666,0.010813020173851738,0.0160505141782217,0.07172726425041422,0.05246589716684156,0.051922427892728266,0.08634236474468564
0.02999526074880169,0.04516691433191359,0.034397121648860426,0.03921891606759772,0.020506174409114585,0.043790889743297805,0.010284341473046797,0.015393472551899094,0.07415317078958296,0.05585843238895344,0.050301051794993036,0.08805064673200023
0.029917189220238376,0.045070016270275876,0.034039656199472385,0.03963865402986376,0.020196960761344633,0.04395720326689934,0.009865552253884068,0.015890823684954886,0.0716358035746266,0.05076760620583218,0.05077018368652458,0.08791363364630586
0.030487711927707536,0.045332148653181865,0.0344651694997036,0.039683642005928735,0.020346542308600075,0.0449547305862996,0.01027456726091339,0.015460729746444031,0.07381762617277753,0.054626003069981374,0.0518825586402619,0.08510710729453017
0.030103163541456573,0.04559464536484835,0.034573125617994624,0.04020650058701491,0.020079635835724485,0.04350020010092047,0.01005356539643219,0.015074884488697607,0.07248057520584483,0.05118388321885204,0.05111272400151294,0.08734234706355029
0.029915130773994176,0.04530113932365399,0.03434632082211354,0.03908509607116614,0.019983413766573744,0.04400227051715869,0.009706400788936257,0.014911107433037946,0.06933178030145458,0.044680356727968114,0.05017561465127948,0.0837878825964189
0.029206631073518934,0.044993565920073426,0.034432653173657644,0.03985874062323127,0.020064084686488647,0.043948316779467346,0.010165866274128684,0.014118730048469601,0.0708114997875655,0.04744148093326881,0.04915816640039326,0.08237571563902961
0.029647549926474077,0.04485350844143029,0.034474912606096544,0.03859603078419415,0.01972320454738204,0.0445388668421498,0.009218000173298402,0.014428952559046882,0.06837793854190884,0.04450219840860138,0.04921114534019665,0.08447230153232754
0.02916999690798033,0.04521756431068084,0.03462651837283065,0.04003154485734759,0.019719859673478564,0.044865985301903215,0.010115038330937754,0.01386422212702123,0.0660676532769556,0.03920277242006554,0.04813130219238082,0.08001472270897846
0.029169486383683753,0.044433385468505615,0.03444320831596821,0.039761589509302225,0.020420957620386652,0.044605619415934016,0.010393724684784314,0.014709797754990667,0.06786148114468746,0.04219800994185114,0.04792829926430061,0.07876930832670359
0.029870451850325143,0.04460820612559886,0.035596182665370964,0.0393319855572949,0.0200281997051849,0.043985045084671215,0.010508672281800557,0.013586402728149668,0.06598046978094484,0.04060237686314157,0.05231603067812039,0.08072653884964683
0.029842105420221605,0.0451257428825422,0.03478176183536401,0.039100072726135277,0.019958446514357107,0.04419069167270606,0.010048928231559463,0.014550470489463278,0.06450281232261727,0.03492376142880093,0.047551569677315046,0.07735746886361879
0.02976943572034592,0.0456141951375268,0.035042471475428216,0.03915442112146093,0.02038860684649418,0.04372980229756381,0.010229969719289632,0.01398484043297066,0.06474671086708794,0.035047384063253514,0.053961590140138245,0.07599303903762415
0.03003553203439669,0.0447563464499266,0.03518760270381539,0.03878494523565733,0.01930174024490048,0.04395816940599326,0.009881501039533908,0.014141331293210607,0.06229210011586331,0.03297652730786226,0.049696602243304626,0.08010830643029375
0.029053045049651654,0.04498020870816841,0.03485231332229677,0.03823199941887361,0.019763041136770125,0.04297175466565826,0.010583466508620234,0.012961964411630512,0.06179362166237201,0.029255163536364166,0.05388511693070374,0.07520606461705072
0.03087239205468118,0.04587850454426587,0.034053450295583945,0.03470631516110672,0.020095332256223526,0.04283994567894888,0.01002217908230915,0.013139896536454672,0.060858346113586016,0.027584076264454055,0.0480302782874324,0.07723498744931453
0.029091078348092207,0.04575779484035106,0.033438665128488074,0.038589924170799005,0.020015852555223736,0.04300224471717424,0.010337295618743999,0.012678031253882647,0.059665871121718374,0.023956628919005032,0.04468954175343886,0.07245536749362393
0.029352713951931998,0.045238633793259445,0.03346753816136039,0.039081277332468335,0.01963301959768016,0.04343746742189943,0.009768181516256209,0.01335168745301875,0.059780366931892225,0.025717121945448843,0.0470601522866528,0.07698407199550414
0.029930172906608883,0.04481009481816063,0.03379120414955987,0.040423476338118124,0.019375564313310625,0.042738512956180204,0.01020732089469209,0.013206515566519897,0.0585600093696015,0.023233606947777822,0.05240019073669428,0.07601036781416985
0.02964526476185959,0.044636679745213834,0.03405982949649354,0.039719579766846064,0.01879169407122052,0.04451923676220495,0.010510527870241227,0.012727925322716546,0.05829272273649357,0.019070212709152556,0.04528780399438431,0.07295063430576529
0.029172124284918305,0.04582867408480138,0.03371851112542275,0.04019518783211274,0.019144581796182954,0.04641103468760732,0.010096971312485107,0.013522412722967682,0.05526755021056936,0.013453174209188786,0.045692562164730825,0.06932409012131716
0.0300238990236228,0.04447191820724803,0.03445911254001564,0.04073850766698714,0.018089659588785858,0.04345351126097744,0.010147380555183485,0.012999472221427812,0.055298723705456874,0.009990898291656301,0.04584884552606965,0.0701188514532132
0.03070885244089314,0.04459288921788532,0.03378058832272623,0.03977091950365893,0.01707119713477027,0.04202704860848442,0.010178759372092692,0.012504939451083177,0.05739243223388564,0.01703446924852439,0.044277371163919256,0.0745940220350741
0.029154008967773155,0.04498931503767855,0.03394675112618347,0.03916868385388514,0.017396114751731348,0.04044489383215369,0.01022339132381672,0.01330751675083671,0.05712098796460784,0.01226739485922551,0.0464664581871576,0.07408998970149143
0.029321041952546822,0.04544793484584061,0.033452312056547785,0.03931574870946055,0.017992633815715846,0.039901204617367396,0.009029663347061432,0.012530543199047678,0.05675948734831027,0.014680903227890191,0.046411465488434264,0.0694246776959338
0.0290876089694551,0.04400072161183443,0.03302215456349665,0.040030262878736324,0.016084773188613267,0.03763133335340338,0.010059896624502287,0.01167223432243847,0.05719940283823437,0.017710807311729693,0.050631629578998,0.07131345114315461
0.028499284667954834,0.04396918639417496,0.03322303286422411,0.039601607825277704,0.016411360600261927,0.038150465435678314,0.00979640138991343,0.012302014454866986,0.0567959152377761,0.0138627806519943,0.05178234843306614,0.07002555932915515
0.028887123564671047,0.044929079448091186,0.03337249038872277,0.040649745532592964,0.016802994965822708,0.03765613173621127,0.010873441835784932,0.011831253201832898,0.05822619713061301,0.016872881398829358,0.052958808638640865,0.06959571847139964
0.02985030074177997,0.04565292817881339,0.033479863536076224,0.04068017248393133,0.016163836648266833,0.038725317450789803,0.009698220473525313,0.011490026656861845,0.056573885494455765,0.017093608016218415,0.051979914960859123,0.07221937356915366
0.030360900018520147,0.04530955487893287,0.03320935175345378,0.037037037037037035,0.015623193568243671,0.03857444288860858,0.010096747030041861,0.011851823758639978,0.056080531643439985,0.013549878457590234,0.04505174192560155,0.06977003795490064
0.02811934976815596,0.04554605161278569,0.03392763236017575,0.04091820450918614,0.015686372934104683,0.03809277113482175,0.010307174411821092,0.012250743313850567,0.056726967433047996,0.014657791862287113,0.04540047761302449,0.0719807667391273
0.028479318319036717,0.04385445583198481,0.0335796963723854,0.04135786130227633,0.01531489726001173,0.0377516620169203,0.0090560187206019,0.012099067161921816,0.051468923064253796,0.004201071693388983,0.05966231131794046,0.06558839347789015
0.029257731355510692,0.04498445786980598,0.03465387707576724,0.0400708452544098,0.015468095506208895,0.0374762026113418,0.010681968943243494,0.011318157947157783,0.05419143666917754,0.00832435690180755,0.05453365544545817,0.07000938125708846
0.030658764880998002,0.04544896762670036,0.03421353350531336,0.04054015705256842,0.01551453168610379,0.038417210910487894,0.008797272141854254,0.012441540312456843,0.05290277527959117,0.0038711900231690726,0.044804874770375015,0.06809623359731973
0.030187312272651805,0.04444069167492523,0.03471740036106097,0.04140546717788617,0.016031241683793378,0.03857980038811279,0.010610541148209099,0.012362070201724262,0.05067216628578088,0.004944630032891679,0.05148455720706574,0.06267588420003635
0.031721057706948184,0.045229835408628946,0.034641152303290214,0.041613262979176724,0.014943550737090642,0.0390339868923872,0.009441898803617003,0.011411460758268743,0.050475224236183676,0.0034401476236148244,0.045783353172786374,0.06709067976276735
0.02857020413410854,0.044778592250616825,0.03447871628843515,0.04143566284629855,0.01528112689142148,0.03883932559395039,0.01052772317983562,0.011632478811439844,0.04895122010916122,0.009294319497809329,0.04929848259270579,0.062294816448323326
0.030586932650632996,0.04628472511501754,0.035168050529455,0.04137617146285454,0.015506568582451526,0.04083532745849089,0.010533190081948219,0.012857006940212346,0.05131863225581312,0.006662256253027163,0.05111246275179277,0.05967085556072702
0.03033391574451563,0.04486779703603332,0.035049963723287544,0.03986906997420471,0.01644085157034794,0.040317378402786735,0.010301960772193771,0.01107004125804377,0.04990393492526886,0.004817517263573114,0.044369115546050705,0.06309586154244143
0.028706430814631093,0.04546405157442011,0.03494182186659212,0.04081849240980134,0.01707376206688134,0.0436020527846451,0.01080281089139394,0.011379282877593053,0.04523454109558059,0.015243693302988222,0.056895119536646145,0.05699272202939685
0.029187706138174598,0.046151645075388714,0.03465591871107707,0.039834289356277884,0.019478558976206938,0.05331314542226676,0.009979780963767407,0.010894658457904674,0.045673779596609176,0.016326184097317117,0.05043347572384646,0.05798311531681974
0.030494870762737707,0.04509908268465819,0.034528002209792144,0.03948979188879675,0.020566102538474035,0.05593122696332589,0.010100102112032354,0.011596031374222486,0.04512981591548088,0.01933551566853512,0.06442925345824019,0.055270299399211846
0.03115293912404166,0.04478681476173415,0.03383499350368125,0.03886317442181312,0.021446249265465962,0.05785329561298459,0.010245051384055218,0.01088384434796521,0.04399084990322013,0.02336142934569309,0.06089503522777787,0.05458336517362969
0.029988244608113616,0.044278155372047205,0.034080491304362644,0.0374038720488345,0.021540907259931973,0.05097853293977906,0.009805046265110803,0.010296137506975634,0.04370419254319067,0.025309599678061893,0.07282419511058354,0.054126905943675536
0.029743315189911065,0.04536402360743788,0.033852059728574184,0.03640759025441624,0.021160035464219438,0.05016755964922842,0.009534479059900366,0.010274081676894515,0.04384118967452301,0.024247067923311372,0.05910724418384718,0.054824861978409974
0.029885627702781453,0.04469193846813912,0.03325363545369597,0.037292838283336065,0.02126523920204316,0.04876098341151345,0.010046252948575241,0.010844305058976754,0.04473832553395191,0.022091245681161466,0.059033968145270795,0.05505789337488369
0.031483370483710506,0.04535723357161,0.033156498673740056,0.03664990544324396,0.020741939163892432,0.048723683120654455,0.010081895234993855,0.010473046567354257,0.044784006735514616,0.02358974600920472,0.05703725673610002,0.0544457692914972
0.02958299805935533,0.0449438202247191,0.033303249398043765,0.036974727773566765,0.021564132809181145,0.048511191531886405,0.010432576345593697,0.010496208244771576,0.04394735107341405,0.0196415032820952,0.06189152890643858,0.05478671531726986
0.030363573428229623,0.04514142809421919,0.033958048227220095,0.036881179902707444,0.020498398050192376,0.04734063957204062,0.010928448171288125,0.011302397916742016,0.046287295988742934,0.016303931366970517,0.05285579880968741,0.05546742398189543
0.027845922939192858,0.044707723259193026,0.03347807019012196,0.03614544928793465,0.020158445380692242,0.04722996268832948,0.010076206348614572,0.010623865238394224,0.0444574853068011,0.02174820794766511,0.06287054326436435,0.05100349373932114
0.029426044992422795,0.04663809306165089,0.03290675213647088,0.03333822293936444,0.021511251460076194,0.048543453672554984,0.010408632503453063,0.011080234191829878,0.04346503238144912,0.02262177300408097,0.053752459175007254,0.05223732461318261
0.02910310064434265,0.04543100393432494,0.03216126946962851,0.035766274549076695,0.020962954267218968,0.04698651956753608,0.010507336222150306,0.010630155625478357,0.04140255288141067,0.025643853040207,0.05707306493773329,0.05323538023370331
0.030247301940666892,0.045547918687855564,0.03201249767909392,0.03652767884864756,0.020268517317421197,0.047741812279194114,0.009590118342060342,0.010405968030785017,0.04023319157838834,0.03295500982059293,0.062177067853834145,0.04968104767393335
0.028997274256219917,0.04544690211191754,0.0324066122451625,0.035063728326232925,0.020852230667375644,0.04793909816968523,0.009974256444117733,0.010348024769032087,0.04250146630058737,0.02223403096311152,0.05368291648548682,0.05429765977086387
0.030223533251931285,0.044705124995529484,0.0313304801709391,0.03556592499857736,0.020375562365521287,0.04534365959607868,0.010244820474888408,0.010604172741973967,0.043301477879440026,0.020399046140602464,0.06134028523232633,0.05402631081336611
0.029006358193716063,0.04536258312693358,0.03224922198751955,0.03560011107234654,0.020704662482944534,0.04650167871060145,0.010721687507840234,0.011799020209361815,0.04183505275400152,0.025835854482133214,0.056378684347022076,0.051903563179612276
0.02872102407683448,0.0452683280143048,0.03101727351962308,0.03469319076744807,0.021538448284031824,0.046691226251675044,0.009977371321842062,0.011392064743382349,0.04310679276840444,0.02010296739901777,0.0538578368538406,0.05309180103316645
0.02845776014661438,0.045384405918126536,0.030847916685946615,0.03498546353989917,0.02138794960143556,0.04533728674473748,0.01064279275396098,0.010525473751573559,0.040687620791374224,0.027804114452856736,0.05563591854901524,0.05344164172723386
0.02476369246465602,0.04480326884649504,0.030203176770132685,0.03485863082269854,0.021959537356466975,0.04745228672569732,0.010635480601415156,0.010920464076041374,0.04198998958648258,0.030533512056157234,0.06581068897210285,0.053655840706540114
0.030025882310551696,0.04571282290395279,0.030524750994343763,0.035164711508706786,0.020401251820811726,0.04698166305690889,0.010221970080293574,0.010362039290780582,0.04223668594067435,0.019779498154572823,0.05717454817813302,0.055152026561216
0.029852350275537197,0.04579761119659998,0.03050100958341721,0.036194247286336315,0.01978544661688648,0.04552656019521789,0.010538429436784177,0.009993304485994385,0.04434727463823711,0.015516818679766998,0.06181157359904068,0.05565604563795742
0.02997619889807493,0.04508627258258678,0.030848487652892817,0.03605019629331881,0.01920093393342652,0.043632301865717225,0.010935487186889662,0.010863979714777075,0.04201151115405621,0.029206631073518934,0.07666712666942668,0.054081533319632676
0.029726162590218905,0.045902512244495146,0.031274237534088915,0.03673445397907606,0.01863411907202087,0.0424086411847278,0.010770824851308763,0.010470962972580737,0.04304055711697132,0.021102388790411077,0.058657907085875184,0.055027293537594654
0.02830720106887991,0.04591600126728163,0.031056575764069404,0.036741067328005875,0.019307404775879645,0.04135751921056767,0.010270799910438624,0.010957739286892244,0.04414348398032966,0.018161642248338664,0.0557680939580847,0.05338914278392346
0.02942258183155572,0.045747119075176236,0.031028918952463694,0.03535967865124042,0.01922289523714325,0.04135461165951921,0.010719515306395906,0.010957427108455518,0.04242159428835655,0.026793130241406102,0.06547202053202564,0.05221195967148235
0.030282566629217224,0.04492161178743093,0.030033818079157133,0.03524601720005639,0.018090641349417118,0.04103456341276257,0.010662538131901994,0.010981927042665884,0.044932915157669596,0.013137289934733943,0.05035880649628603,0.05401638857229284
0.029350646301231555,0.04621285641665512,0.02963551282773173,0.035958805592313445,0.01910570037676441,0.04137086498204504,0.01004716137549658,0.010449844924301323,0.04442450277875264,0.019133299786281043,0.06446621970087674,0.053176498114893146
0.02890206823200268,0.04513877917657839,0.02956769079291676,0.03507344379129898,0.018797734497038417,0.041869033662703066,0.009821108508517357,0.010154119221544603,0.04338658313303194,0.015252598280117017,0.05446326452807581,0.05167558070433816
0.028687654554738918,0.045679621407297775,0.03020928996084876,0.03579930907333489,0.018071320272587794,0.04133427024345885,0.010245009399796124,0.010591862695565505,0.04387908678844576,0.019033914629086105,0.06429710405843321,0.0516206296684407
0.02939231390991256,0.046186603113900784,0.02989965675194049,0.03448822916738517,0.018869704689121615,0.04383580859532535,0.009738312077844171,0.010256347140427852,0.043443694799355295,0.013540099682213862,0.051300730009388035,0.05334983621600282
0.03012937553856259,0.04563063823573701,0.03035408034725068,0.0360739949784999,0.018726661897610103,0.0431814354372768,0.009769756156656085,0.010373756056976819,0.04406276299961665,0.017182484862230837,0.05964487441771692,0.05351514210945987
0.029423880421349972,0.046606792473935156,0.03077841694290296,0.03731343283582089,0.01837613748291019,0.044781600136136065,0.010534543822648849,0.011428819597225541,0.04122776277545299,0.032435412983895816,0.06389613045033993,0.05031598438191844
0.028617379907165216,0.045795933321121085,0.031600468950959235,0.035857073704214995,0.017726630539793627,0.04123235255310727,0.009918371800085299,0.010382695783898723,0.04319132027227809,0.019474689719506045,0.042492797470828694,0.05326572137766462
0.02884712466284923,0.04646062926276274,0.031772357413603014,0.03639433995225062,0.017684841968252173,0.044675366449693305,0.010589798846770906,0.010260482878845244,0.04253129239838211,0.023315512509938238,0.06385777596137882,0.051363442583375704
0.027813162300927292,0.04784025183108564,0.03140161090263931,0.03716228771043146,0.018623014321098013,0.046412327114081504,0.010262494073409673,0.011934755080923606,0.03869534765835104,0.038221332089866,0.06806934905281502,0.04824252482077902
0.029454560449594408,0.04727595922921276,0.031568048084450843,0.03778375600761721,0.019977984261344,0.04432074033364653,0.010741715451957679,0.014102442966195033,0.03539096397907686,0.03772574140513296,0.059121921225952154,0.05142419302585094
0.02564168312008,0.0342040545486262,0.04303444476959358,0.02065868139768375,0.01849858115882512,0.04711469601598131,0.007857237143988586,0.025689110386107328,0.024808663185184265,0.02435211205867885,0.059447730582884994,0.07050545359683572
0.018036476971026203,0.02801018450308532,0.04766875932520104,0.026818782802723713,0.01694363868029387,0.04477638672469686,0.006850211226263162,0.022382731275166583,0.01936022210046794,0.050768379422560454,0.08698904807884687,0.06814960200632428
0.025025025025025023,0.03233650662251655,0.04239587572920906,0.02590438690792286,0.01709995092314085,0.042621204049014386,0.007988305121302414,0.02082912411450186,0.021579489127174403,0.06253830471163588,0.09842616561186625,0.06303540698810521
0.02842160610496099,0.040238048293705565,0.03778418429613732,0.02625216252188774,0.018032541524434995,0.03967451031735641,0.00824683094903706,0.021881885955986776,0.023446383981430462,0.059696502978855495,0.08540293102859291,0.05955997093473418
0.029245752054514084,0.040535884391657714,0.03710712827934246,0.027573047897141503,0.016932162982228,0.040109418493650684,0.008635131167642437,0.0246247799160295,0.02410823633786247,0.045461157986616235,0.05317310504346901,0.06859792697064694
0.02804820926207966,0.03874152044971157,0.03715276100743427,0.027972653933514596,0.014837521718422416,0.03807449655996924,0.007064596551487839,0.025783961344685153,0.026272647021732737,0.026555769772098385,0.0436965536528134,0.07822522607090335
0.028887707702618382,0.040181782383502965,0.036750519101082305,0.02817957150143575,0.014562569536269535,0.03772275285561239,0.007235293181315001,0.025976319986700122,0.02793897011368367,0.021858974639217623,0.05004353787795381,0.07759938541286754
0.029079065980400706,0.03956917086759364,0.03553786559579232,0.02902580684486577,0.015809151918045355,0.03708909914287092,0.00662201223085659,0.026230677826945725,0.028036256486888844,0.020575623647152746,0.05520805154223692,0.07844060085500255
0.028447964405906936,0.04128955539406751,0.03402228459641065,0.031444365484148896,0.01895220821654035,0.0369243493929637,0.0061653193388804765,0.026860275532706413,0.029055155401498667,0.020356772800094455,0.0673927108043994,0.07743174391773651
0.02815362872120588,0.04008337341670675,0.03411281106619591,0.030035892892005946,0.018118535080201694,0.03606280698464446,0.003788741300576381,0.029061741670178293,0.043438410849177496,0.022382681176612785,0.10790163686783129,0.06827429882295108
0.027514252382734257,0.03858590379762465,0.03719269535463235,0.029034234265622592,0.019184578668283287,0.03790894271958755,0.00322531121027868,0.028438984159485824,0.04592949822023194,0.02764638067407405,0.10003000900270081,0.06371658861384562
0.027879460365165174,0.039211995733734864,0.039182803451221326,0.02816195376370431,0.022477718961079828,0.040414817688757404,0.0024672899040964415,0.0264120544616563,0.05619019256378991,0.03199518792373627,0.08383354012273231,0.05486306179775281
0.028035863476559217,0.0401216488392807,0.0390205833577212,0.02726816605222399,0.021971696061134048,0.039931637037391984,0.0019293759645673965,0.026016530903736235,0.05067345015252708,0.026489364520145164,0.08562156978586045,0.054009095131620166
0.026448379375553763,0.039957804558386344,0.03738289807179012,0.017436578803746074,0.022027499129913787,0.03953819389530286,0.004624628179894337,0.0278316629696941,0.035379694885511306,0.0202721742109563,0.09729992702505473,0.06751146007034695
0.02715583375198577,0.0407000407000407,0.037038546014837644,0.01714360166498659,0.021805780276235625,0.03896766852542446,0.0049477590856937025,0.02850675895254765,0.03454064397576628,0.024883545009356214,0.09935321059900051,0.071284983105459
0.028281662735515543,0.04045569292510842,0.03854515179080775,0.027014687885803513,0.022442306440717524,0.03877637278053736,0.004128007872936615,0.028143645164921762,0.034312615376169205,0.025683897993830727,0.10171801731240655,0.0727743775971356
0.02731158420844201,0.03997138049156804,0.03800980653008476,0.0278591109043346,0.02437009399545254,0.04120652711389484,0.0036667590689952057,0.02774717880559494,0.03657938824631097,0.027998577672254252,0.10413737802909598,0.07049203440011279
0.027196083763937992,0.04157623834825921,0.03795484132978582,0.02832676624469227,0.02352531559210867,0.04073800978526995,0.0038030202826480736,0.02765547910351999,0.03623805503111037,0.02808870412763507,0.10467148853323845,0.07025975029684745
0.027222069476165716,0.040921218470201165,0.03686771862557145,0.017732382877611093,0.02285150180069834,0.04000016000064,0.0038339471482717715,0.02771887516804568,0.033498144202811164,0.028095727763636263,0.10078410030033662,0.07379910407887648
0.028623605314831036,0.040117946763484645,0.03499770765014892,0.01737598326345292,0.022530438622579106,0.03881023348236463,0.0046403561566157325,0.02771572534824809,0.031497352647509975,0.026694642652166135,0.09602642647256525,0.07450676521428146
0.026583584105143394,0.04038462315088907,0.03631253472386133,0.026646699406578003,0.02279280203311794,0.038810082859526904,0.004641482600938322,0.027919936789263113,0.031259377813344,0.027078842758575868,0.09294630491964792,0.0745650990597341
0.027802259211583535,0.04095272417521214,0.035987533918250714,0.027512889788866082,0.022357659957878168,0.03830155580919697,0.004110819471307508,0.02771319064735242,0.0323189492463221,0.026703624482951074,0.09678293523285975,0.07378875754490047
0.030311756414725454,0.044106101638100616,0.023501817865611903,0.0322382016241606,0.024378054875001526,0.0347984646917378,0.0037092139470895464,0.027121733187237596,0.03643239422765146,0.026212869470395184,0.10008507231146474,0.07106007418671745
0.03003057112140159,0.04397285995083834,0.023107816449992376,0.031484857357853745,0.023559568011760935,0.033976277762865964,0.003109514617206313,0.0271123209231203,0.039144458710424955,0.026850034502294336,0.09989012086704625,0.0696495235972586
0.027972575686796668,0.043743957865819784,0.0219017269511701,0.0332846268294063,0.023688262465948122,0.03438553056873667,0.003978454282985066,0.02732300159566329,0.04174964408428418,0.02884787362323523,0.100182331843956,0.07154406398901084
0.03150539057232692,0.044796846302020334,0.022626686819502393,0.03559326860104217,0.021074637937720228,0.036976641855339984,0.003737490618898547,0.027375135164729877,0.0389710094660582,0.025968697332235724,0.0900900900900901,0.07066987979053448
0.02785701551078624,0.04480126160352676,0.024637216979969942,0.03601656762110571,0.01808432721781668,0.03520841621981318,0.004344092056523589,0.02698166865431626,0.03534443148481957,0.018788339956223168,0.06990269544793647,0.0705492257222477
0.028688477559872853,0.04431484813301545,0.02424418745605741,0.035924701824974856,0.017785429464765287,0.037099281386919536,0.0052111614740916684,0.026845925862291137,0.033834650065131706,0.015258323415423113,0.05642258257444959,0.06918883015525973
0.02892522539981893,0.043861188111863576,0.02406460866133395,0.034680677660441486,0.019378530526030214,0.036475849340151884,0.005484964068000391,0.026928193279800082,0.03469848749293018,0.015949344880659026,0.04494806251376534,0.0709033799641229
0.028456626410025842,0.0427407049651877,0.02422146166832584,0.034051363076063934,0.01951010135497654,0.03572449271220349,0.005776116566653208,0.028088783025386643,0.033645224565051354,0.016803870267399986,0.040418574760216805,0.07399240837890032
0.030004530684133304,0.04371699366977931,0.023748625548296393,0.033945022641330105,0.0196319018404908,0.035687137998593924,0.005181881447879859,0.02809620139357159,0.032817012339196636,0.014303634696612756,0.044106490711173056,0.0736003061772737
0.028974085577859167,0.0427366864537525,0.024275910285945945,0.03444202202222888,0.019773240478196046,0.03526155256615949,0.006344259840581438,0.027388480952680924,0.03236162170558691,0.012919312434192254,0.0430244464904959,0.07284541474536885
0.03068585964901514,0.04294905383234407,0.023941945570380943,0.03325551542723361,0.020148900373762102,0.035168545253125606,0.006037127124389571,0.027190315897090093,0.03297739729189614,0.013086572914458309,0.04272500053406251,0.07392786119304783
0.029848696955134424,0.04339411402237401,0.023766574214692974,0.03259633030513425,0.020752140583301167,0.035044436345285826,0.006673656209269843,0.02753470749880224,0.0335974089678204,0.01279001355741437,0.039508826271789116,0.07668123610152595
0.029527529992588588,0.042278292633430296,0.02409748880069208,0.032451517432955164,0.021247211303516415,0.03483543739375192,0.0059220270387910535,0.028344831886802077,0.033919116474854065,0.013329689884764831,0.03967372329958422,0.07684741177917127
0.029787614309969915,0.04230816420644692,0.023572507855538244,0.031719447827852215,0.020450232314639095,0.03413726594637035,0.006262474065529276,0.027889568464707148,0.033138588892607776,0.014264724762135715,0.04050271975763173,0.0758092638920476
0.029036594820452212,0.041935754424222094,0.02409348271292615,0.033234184682364276,0.01985975044237594,0.033290499557236355,0.005872935516342617,0.028480291638186373,0.034193879295606085,0.008667779609568535,0.03977313404341635,0.08018924662202799
0.030102982302456706,0.041714464490562105,0.02402367773677737,0.03235125700809105,0.020268311913105696,0.03261876492308495,0.006075622052563852,0.028511229147599782,0.03497665308406639,0.010447650480121778,0.04202651873332073,0.08124796880077999
0.02915672908150472,0.041894116809176485,0.024115619928183684,0.03452883675801846,0.020284057947496745,0.03440149990539588,0.006470008598641427,0.028626309295821422,0.0332337428838248,0.009156863481238044,0.04351496479639348,0.08709435802748698
0.03016700453711748,0.04152685957277167,0.023566008389498988,0.03343788244578048,0.02013790436911973,0.03450703253323027,0.007005052744544641,0.02802274325842854,0.03364805480595167,0.010528454728171092,0.04085718371432657,0.08836342107821046
0.029899477955114905,0.042129210287953155,0.024629692572177314,0.03373454957629406,0.019817834465592276,0.034393454237789466,0.006697609623125507,0.027983064649274258,0.03525024146415403,0.007436674854445681,0.04041400102651563,0.07943947506394877
0.025779042669471425,0.0410377629494661,0.024993189355900516,0.03244593695754449,0.020820580727637653,0.03335523660537086,0.005923931974304352,0.028736292788339963,0.0360524057770375,0.004149434411342562,0.0367728175332794,0.08133850646234433
0.028555192904605668,0.040065547235276916,0.026867925339409068,0.03311093819843385,0.01960607474619936,0.0348308266748403,0.00615947876026939,0.0284845101233949,0.03567542498350012,0.008855827134254339,0.03883555472706372,0.08543211564091173
0.02642608360155808,0.03447336759986073,0.03712931024880351,0.0266494688760853,0.01901147913109936,0.03634605808827004,0.006809743926389392,0.02618417951873478,0.032032083334668005,0.012329832893774791,0.04314473332240333,0.08120904019035399
0.02764706858131832,0.034462437666065875,0.03813780715236435,0.022038178941197733,0.012983084339414176,0.036651517372819235,0.00816895356521725,0.023112569771069996,0.03214359185352808,0.006917059613294865,0.051460977141033946,0.08691948647967389
0.027335922956434743,0.03309482992566901,0.03704389701796629,0.021709209480845964,0.020039638404764623,0.03724533502178852,0.008244267760626036,0.02151425965129688,0.033189291806891424,0.007138696302726411,0.041613262979176724,0.08738508860847985
0.025976185033561233,0.032020390584724355,0.03709143781249536,0.019105408358998266,0.008232871716216205,0.03303120788520995,0.007401387612149525,0.02467149899093569,0.034792895290781625,0.011591246290801186,0.03522056881218632,0.08403855688990108
0.02585228521275138,0.032467321640768564,0.03628210058849567,0.01942917095727525,0.008474224375428477,0.03070724936743066,0.007082328527973428,0.026782796873911947,0.03506028616205565,0.013123342357818427,0.03516631910621283,0.07848554296298622
0.025922584792774858,0.030722060590047895,0.036759164978808344,0.018630126778012724,0.0070969298681390425,0.030142453233983804,0.006976395366278198,0.027619655251463152,0.03504984087372243,0.013023800996320776,0.03684978553424819,0.07592322643343051
0.02473655568198684,0.038104528342148176,0.03634764340054013,0.01797093740003666,0.007409855404081645,0.029698442019731645,0.008834944679993887,0.027804964854524425,0.030707815138952866,0.0038438046901336067,0.031602566128369626,0.07722186614361723
0.026523651139721292,0.032686254449416384,0.03484466249459908,0.018998440228057276,0.009426661048376682,0.028466914328821324,0.00794912559618442,0.026825617391584268,0.030577579906860695,0.006196332019297857,0.03279882186631856,0.07458011395841413
0.026213694033763234,0.03642456472645152,0.034144026331873106,0.019245277208972917,0.018443889078451084,0.028377810822161936,0.007947331445047381,0.02178155711995539,0.035195652632986775,0.013657955622570592,0.0536480686695279,0.07969842117427654
0.027316881286297306,0.037308699642582654,0.03510878456898701,0.021047801662355377,0.013784775542499841,0.028448288124262124,0.009450545296463607,0.01538040352026676,0.0360045077643721,0.0018784313069880837,0.04830241173941815,0.08792445530799936
0.027374460723123755,0.038568491856262946,0.03300765777660417,0.02004325334070925,0.021037794397635354,0.028523590435469655,0.009111758450928169,0.016107287420047453,0.03171190369729085,0.012361413107300774,0.06398935217179862,0.08341605425380169
0.027068874043115303,0.039341888882769044,0.029664699897063496,0.019715194303097455,0.014619177729729413,0.029102592458936243,0.00883692775369715,0.018116368682595786,0.03118694389780662,0.006224518377890511,0.0609113557040439,0.08692553089767996
0.027798781301427745,0.038761943523848284,0.02979640119066419,0.02095293969743955,0.014957431150944413,0.02901687911858328,0.009222675977880334,0.019013611844719634,0.030400773395675183,0.0067973571875254895,0.05833386806045722,0.08790126929432861
0.027914637039931887,0.038919592122674554,0.029214481033958916,0.021234037312450365,0.015988539414947364,0.029125054245413534,0.007976784366778927,0.01985624081648862,0.030338885349352265,0.008278810467396803,0.05736510595335069,0.08851437473445688
0.027642024723026914,0.039126692229438924,0.028610256777054574,0.022327758092137724,0.0163695055754536,0.029128787106433674,0.008086676230509088,0.01995048290143863,0.02945360615226925,0.009415876674613667,0.05650164419784616,0.08747605343037344
0.026776772756240328,0.040114406286729756,0.02794092171512554,0.025585131968110693,0.01569705931290832,0.029162596054300754,0.007893127059612842,0.020920108198799605,0.029110725555723752,0.011813279307269301,0.05536608052442752,0.0875258201169345
0.027247436697392696,0.040480093913817884,0.028207949000028206,0.025610818009527223,0.01570706943781257,0.02877093445118004,0.008685750418436026,0.022006896961507736,0.026804908514847237,0.016217706491947908,0.055089741188395894,0.08486370888353305
0.028061432087125134,0.041055790714001256,0.027081556106213864,0.027504263160789924,0.015992067934304584,0.029254307696808354,0.007638631615532393,0.02294699015803592,0.025240669786413452,0.016659891644064746,0.05648377221224342,0.08133718329334255
0.027831817890849174,0.04151306831390522,0.025615672693180595,0.028356405995678485,0.017306517461410792,0.029645440531246296,0.0075039245525409795,0.024153480878896863,0.024777805033363316,0.016124350994872458,0.05560560059609204,0.08017124578098819
0.02703908499736369,0.04226935725215362,0.025333259022440203,0.028579920890778973,0.017355777825216905,0.03040668947168377,0.006517507001431897,0.025228761797599735,0.026786527448154678,0.017165820105638458,0.052282934327406196,0.08479390840562014
0.028592014822100484,0.04235098804855117,0.02467515162880676,0.02861918172035625,0.0180447763079305,0.030264878214130063,0.005609836961308394,0.02590787677177492,0.028095254149669034,0.01497171842389726,0.048319683022879374,0.08402514032198434
0.02721769803597091,0.042223845494504565,0.023780364552988598,0.028414983789251745,0.017765018546679362,0.03010896434195353,0.005853114910693173,0.026369013245155355,0.02987196874197191,0.014618643448362566,0.04458354510517258,0.07462296745692389
0.026958465092831476,0.04239551625020138,0.024024832066423855,0.02935383405103457,0.017960866863278288,0.028633932355198205,0.005456936584939947,0.0259000259000259,0.029758804886395766,0.011556592053456173,0.044247200258403646,0.07825583397242264
0.02646812047229714,0.042596875945118184,0.024783270301215864,0.02909954371915448,0.018424960662708986,0.029726162590218905,0.006358989098784988,0.025380388573749062,0.030297154491250183,0.018867497339682876,0.041383534319365006,0.08503618289582217
0.027466490881125027,0.041884465889290984,0.02400257307583373,0.029181829058681743,0.018236893600491667,0.029719006790793052,0.0065630234011162395,0.025263498287134818,0.02988839672662279,0.014576367044583274,0.04435396236122754,0.08015582291975601
0.027289820624009035,0.04378149531319093,0.023014906755105282,0.03052931730340646,0.017249349699516327,0.030875251633300814,0.005867122581205376,0.025142621520575465,0.029631473365750165,0.014449175746769525,0.04571867470705759,0.07935941083573396
0.028400054528104696,0.04291679720525817,0.02323873618457134,0.030195424789235932,0.016252630894626068,0.03009075371319901,0.0060906347354989605,0.02534712893070602,0.029732879807806662,0.01788102680008297,0.04570509246140205,0.08240354664864775
0.02696217207258217,0.04286087787650067,0.022814121941481774,0.030403823584854033,0.016374115797746922,0.029186683867352358,0.006379463231963663,0.02545001997826568,0.03024766790480454,0.016966579232228357,0.04644940730556278,0.0807741393515452
0.027571147345725647,0.042831138237498664,0.022029973982600728,0.030688119708217356,0.01500629514081157,0.0286104204873499,0.005737260985707335,0.02535818435400025,0.029791607704109754,0.01418252627667556,0.04711136655940979,0.0763976958454933
0.027134170332040842,0.0430679914380833,0.02249030667782186,0.03129341961972237,0.014598092613219158,0.030497753840429655,0.005542555184450694,0.02532113529842224,0.03031754597655847,0.017178824693529767,0.048927987787574255,0.07867696810435713
0.02653167351183843,0.04258018914120017,0.022964327214105608,0.03091830456385094,0.014994414580568736,0.0299060948621329,0.006248801011305956,0.025383416506328086,0.03163395715496843,0.01859406551804926,0.044403395971723915,0.08337502084375521
0.027561724481977384,0.042710037285862555,0.022310621863963213,0.03206330579095366,0.015022232904698955,0.030290638678116526,0.006571722796846362,0.024935417269272585,0.030905977834232694,0.02002130266603666,0.04431995461636647,0.08234722531024316
0.026196594966586245,0.043443694799355295,0.022957737101769352,0.031691502240589205,0.014779540977016335,0.03164516904849306,0.006620127172642987,0.025163563160543533,0.030604999632740007,0.019414987593822926,0.04731085121683509,0.08152749922548876
0.02642168480515328,0.04339656212434851,0.021834823923979875,0.032480714575720666,0.014934445252563872,0.03276325273573161,0.005888050495921053,0.025123545032698293,0.030929493127466626,0.017699804240165106,0.043996462684400175,0.08173273395995097
0.0272320772083853,0.04239893154692502,0.020724014158646473,0.034192710114203655,0.014963250257367906,0.0286769597834316,0.0061128729769446884,0.024598854185372047,0.030927962589536454,0.021411671502135816,0.043113297434327666,0.08416729090740756
0.027595874968609695,0.04357355433840094,0.01917733086073614,0.03462040457404785,0.014760823004447437,0.027537437145799714,0.006600311534704438,0.02512651198785887,0.030950074434929017,0.015665510029842795,0.044197722933314476,0.08437252155717925
0.02677519545892685,0.04311143875804568,0.01865274922870882,0.03460698576614675,0.014732183633722556,0.027782485365575836,0.006038585352686597,0.025058386039471973,0.031150610084698507,0.014298296786886745,0.04133734581170013,0.08384408354224485
0.02752871933644775,0.04322118875557553,0.01923898279650158,0.034571930358303485,0.014805536678496291,0.028019681023951224,0.006244044742327005,0.024879582819155286,0.031118330563801914,0.013807501339327628,0.043004093989747826,0.08180293672542843
0.026109456061701865,0.04370323753583666,0.01954067684996473,0.03569286999229034,0.014924237110309513,0.027796849505077097,0.006038563474058029,0.02502233243169529,0.03108708424910702,0.016815229216797067,0.041310876740737065,0.08245994508167657
0.02771457315400157,0.043247357586451464,0.020043614906035533,0.033358908496513996,0.01508932882665379,0.028045141459693525,0.006118685363737489,0.02487549813185009,0.03197053595406473,0.015374491873043596,0.041062028299949906,0.08386728840283135
0.029561222770418675,0.04374070510016622,0.01965972940348449,0.034736695845491175,0.01523305817352586,0.027938111495415356,0.006879107256976618,0.02496280541992431,0.031549025608344085,0.015399209096620797,0.041190063309127306,0.08393768466290626
0.026995070700090166,0.04209374276513796,0.020250785730486342,0.03393580702742692,0.01569159119011304,0.02769960334168015,0.006732583144035537,0.024118004572773667,0.03300014190061017,0.023671608509469828,0.043739174554297815,0.08589515637213219
0.02834370713014297,0.0406352095964111,0.021406263044441542,0.03363854708387436,0.015206928276522784,0.028322113056210897,0.006971201270431719,0.023279634975323586,0.032831449902490595,0.023303287627818532,0.04666203157153056,0.08847991505928154
0.027620418117889466,0.04041922823525607,0.022673526164115516,0.03332289216045639,0.015417870545391751,0.02931313462936472,0.00710226263883148,0.0225053393917707,0.03321354315435662,0.023402706757063522,0.04909445281777612,0.08754344343380402
0.02791705285256446,0.03803814465145648,0.023390062030444504,0.03338786684918701,0.014410446997655422,0.02820993836128468,0.0075819265068699845,0.022422932381405112,0.033250428930533205,0.023269559228009103,0.0488159686796745,0.08744698526518299
0.029621204042701927,0.03848981367081202,0.023262576330328584,0.03351015525254929,0.01450385222315047,0.029549954197570994,0.00712990617756461,0.02222943443872901,0.032751234721549,0.018941366998456277,0.04428070424032023,0.08783641346356545
0.028506677689248704,0.038794875972781515,0.024410248398687703,0.03288857023518617,0.014874732440750223,0.029545152379123397,0.00715378710758795,0.022179883289454128,0.03245646776261339,0.01727846843655778,0.042821417560206916,0.08708449808849526
0.029253280755436723,0.03791742343524273,0.023735266333423526,0.03372465170865948,0.0143739291422789,0.028094306969635673,0.007837254703724343,0.022173194824776327,0.032534502840262096,0.01774415064074128,0.043175469425291324,0.08814688797412008
0.026511415815650217,0.036805977290712014,0.02342946442587269,0.034849762673116194,0.013443389885193452,0.027330469100171638,0.0077042789565324584,0.021222455905042244,0.03378104478015296,0.018736837371746348,0.04428521449543641,0.08943743851176103
0.02884562685874008,0.03704183875687589,0.02242594951470245,0.03526018490440964,0.013218281411923948,0.02717524226728481,0.008581672636650264,0.019557377433915623,0.03411641886774429,0.01585854180708084,0.04487061557997514,0.0903848587284658
0.028085075310129447,0.037137445686485686,0.022922215753063555,0.0350967089815988,0.012981634881133661,0.02812006141421413,0.009298701250396358,0.01760767976560657,0.034098503757655114,0.00828937203033247,0.05080939364069629,0.08939985874822318
0.027904588630554412,0.037443647310797246,0.023587464677771643,0.0366648212039994,0.012597504686271745,0.0298047490887198,0.009268166997540229,0.017018292963106044,0.03388532528218005,0.005493289123342468,0.05728098614945755,0.08654412019247412
0.027839953674317085,0.036771194916750016,0.02390977407654475,0.03765074416695846,0.014082860735998466,0.0293422064165537,0.008831425745372334,0.016377333770062234,0.03338151398518528,0.008929631822350332,0.0636237545650044,0.08382580996688879
0.029145257046594524,0.03531397656564515,0.026154320955365035,0.03512654337249943,0.01341588575031695,0.02613265458118501,0.009801038910124474,0.01563455173394996,0.032888245740972176,0.013208818207035018,0.06576178451178451,0.08239811473113495
0.031052911055146865,0.03489816714826137,0.026722534578959747,0.03480585295223245,0.011598331232102325,0.024317173760796826,0.009224147711811797,0.01638828434328867,0.0323581660685799,0.01604170844194907,0.0683116102412766,0.07970096199061122
0.03134825719364132,0.035828296471987646,0.02536152859005118,0.034812517188680364,0.016886985537985587,0.027188837350937196,0.00918366409830194,0.015186743795076153,0.03192093822021617,0.019968489723216767,0.07086770416985572,0.0789446676824214
0.031020544906891837,0.0375100808342242,0.024939024086109464,0.033945022641330105,0.015216484931114974,0.028178380419407015,0.008729126476313515,0.014102065106414182,0.03250056063467095,0.023273025167449415,0.07315717086588827,0.07689527632317547
0.030788840892506917,0.03664104236437318,0.025939798914678812,0.03415498850684637,0.014376388219987494,0.027188985198316456,0.009392581738942583,0.014636295378004281,0.03191248320605571,0.02352050164525909,0.0740905386382159,0.07693668879878748
0.029599635332492706,0.03729311643656814,0.025138007662064737,0.03352273679623204,0.014213125821696336,0.02690797740806217,0.009348791248035586,0.014672717695444268,0.03136871096556029,0.024579687346376954,0.0742699266213125,0.07612667478684532
0.0294967848504513,0.03731844576137093,0.025783230071496896,0.033551417547391375,0.014851933647501236,0.027607683770547016,0.009515327289197439,0.014617639105108134,0.031940003896680474,0.024620960315936163,0.07462797952208242,0.07549106940648921
0.030059186538293904,0.036201584905387156,0.026005773281668528,0.03397027600849257,0.014731467445666665,0.02780883097236358,0.009676982329830266,0.014623859704539539,0.03168909198075839,0.025813446224138153,0.07502269436504543,0.07650699656483585
0.030263321157390454,0.03637765829738008,0.026311773466155167,0.032945889670804675,0.013693809165814226,0.02755815459573565,0.009028676883517429,0.014525193221382827,0.030977782734223018,0.025343210427210498,0.07469431352191158,0.07573405230193651
0.029812390625791888,0.035217963979066444,0.026556051858658072,0.033125964793724615,0.014771419666372715,0.027983691104824106,0.0088295153037574,0.014351114364030368,0.031915844301745155,0.02647281506620851,0.07546600256584408,0.07575700184089514
0.029341862034564712,0.03554784562281603,0.02634247856380807,0.032425211250251294,0.015978907841649022,0.02796256371969208,0.01000433187570218,0.014720104571622879,0.03161535494558997,0.02712879667509468,0.075135996153037,0.07549106940648921
0.02910869185538802,0.036661460739241696,0.025025150276027405,0.032043989989457525,0.013693209126797749,0.026900087694285885,0.009039360085620817,0.014799795762818473,0.031135479813311665,0.027076056643110497,0.07582248439952383,0.0756103646687888
0.03035039531389896,0.035868777663794774,0.024869064376060044,0.03235795665975285,0.01385970650685501,0.028982566985957945,0.009796650916917542,0.01421377229252512,0.03104529508552979,0.026413449728601806,0.07498106728051167,0.0753789677604155
0.029145851670931675,0.03711800928692593,0.02591459069199732,0.03205518620857668,0.01449201852079967,0.03028962943667347,0.009314430008112868,0.014321661656472032,0.03241039336494427,0.02279695888568465,0.07292190792879905,0.07546087730815959
0.030513480855842115,0.03756305898527153,0.024830285002011253,0.03523645422608414,0.016564271859455467,0.029913788461653514,0.009524281202497648,0.012769467691969792,0.03857607974447205,0.005626730571321343,0.05417235476391688,0.08432769743222161
0.030045187962695893,0.038511751861080405,0.025620660500627706,0.03570510440172527,0.015363225048202117,0.026812742487739877,0.009170458651318988,0.011305605206005084,0.03620800776299686,0.01596852284776249,0.05322149722715999,0.07148013924331124
0.030587400438011576,0.03854336899879745,0.02492478944784114,0.032912708913419825,0.014801066268814004,0.02582611278263452,0.00980512317685991,0.007814795596206386,0.035640077980490625,0.004972380910234105,0.041829977871941704,0.02575268664903466
0.029801018598815707,0.04005976917561001,0.023658839533920863,0.03345063355499953,0.016036126185069725,0.027985335684101532,0.008934235095462302,0.0053934668935518406,0.03470824251343209,0.01804386463492751,0.03018020601008622,0.012449811696598088
0.02702542011015561,0.040358382436031966,0.024075848553282257,0.03300133985439809,0.014154502051695073,0.029127344751252476,0.0087959102535685,0.006736261226821368,0.03394686636476587,0.018281869869650268,0.03259505533010642,0.011761703188715352
0.02821296272785494,0.03952287979511339,0.025825112339238676,0.03179994021611239,0.014050133687022032,0.029865545314991904,0.008866851806532386,0.007583289160673972,0.03371817004747518,0.01852500226931278,0.029981321636620383,0.012148705008789588
0.028988532136686725,0.038023681148619363,0.026328815308626373,0.03189792663476874,0.01601586210983358,0.029001479075432844,0.008909138370500775,0.006785213391568558,0.033488160260939745,0.01804448326013288,0.029411332186291377,0.012819477401184264
0.03017929519274007,0.03742346900588297,0.025944644506480975,0.03412980931675535,0.01578086065657849,0.02631481998031652,0.008868526751467518,0.006477741185737569,0.033456676949018715,0.01836004413754611,0.026498910894762223,0.012103899876540222
0.029177401518975524,0.03873731837039849,0.025222080418081206,0.03216716632998366,0.014998057751521179,0.0250927805561062,0.008121240373284693,0.006861054050011595,0.03172075584217021,0.01941698559065499,0.02699128181597344,0.012229349215181514
0.02903271696875209,0.03969293545134837,0.024698371142423157,0.03348625389277701,0.015966559637495232,0.027706280182528974,0.008443628227049162,0.006293491962896089,0.03160346500390303,0.01840468215113925,0.028257767353801377,0.01272638650799408
0.013029298984626729,0.0100669249168472,0.025892179784939556,0.015540087987978188,0.00654654198559237,0.022864354927954418,0.008240993006693335,0.007965525206904517,0.031623853240021885,0.015715437431343182,0.028691193811883318,0.013276545124321568
0.012923653516849213,0.0029051534226048246,0.013843321289643813,0.029688214372658343,0.015221047664710764,0.01933566521455821,0.008189055818242268,0.009170282050365023,0.031039513300431452,0.013197400112177902,0.02845265904325089,0.013923058394699213
0.01196783524599287,0.010843129196968695,0.010084172588597019,0.028295907279971024,0.019911592529170484,0.021556648717163833,0.007282164958513506,0.010144323287409983,0.029400869089690293,0.010710319071115446,0.028342502132773287,0.014938617221835477
0.012639748216215533,0.01194790236652102,0.011213980694010837,0.02918106265757774,0.01968221102085724,0.021584938893037992,0.007383359531954074,0.01032035411199029,0.029338418659234266,0.010296869031033733,0.02749314733302724,0.015437625816650407
0.011437041374640878,0.003358605721855052,0.014429077476931512,0.03956103080221858,0.020522292340054385,0.021888064438461707,0.006934139542624155,0.010174699591994546,0.029618133405996484,0.009721678078296452,0.02714661888861742,0.015120426637958017
0.01264567821301392,0.010423246340919371,0.015342129487572874,0.02672282021955469,0.0192420924621027,0.021735444859349935,0.006580068577474714,0.010942834631883043,0.029044944146572407,0.010515976923740239,0.02738518078327094,0.015437316006489848
0.012344383614065191,0.003870434870450739,0.014631969389920035,0.02648880318289459,0.032355129905846575,0.021516018675904212,0.006425884490870746,0.011148272017837234,0.029078389522474685,0.010426985037276472,0.026949093163015064,0.015201195422007987
0.010901903581384346,0.010723584594069429,0.015192396509394978,0.026019644831848047,0.01933297374002177,0.021638089962522828,0.006622534099428079,0.010382275379472165,0.02963779648910663,0.010917876822330115,0.026558379301461505,0.015228001248696103
0.012206390533700012,0.01029572408283116,0.014058212245265194,0.03592379843875172,0.03222178901816987,0.021819435443927324,0.006583070449386721,0.010588800860657733,0.028866443625278924,0.010327783182650976,0.026491750468903983,0.01571449898248619
0.011970198992588053,0.0037454039212131813,0.014405257342719798,0.0263608109639885,0.01939435314013972,0.02205348853108329,0.006861816734598652,0.011028994122649032,0.02930136749482098,0.011466417157429321,0.02651500086173753,0.015516987221761024
0.011742684894445004,0.010315616605666987,0.014827489572567958,0.03627973123975097,0.018914675897028506,0.02177605504986717,0.0067461680079173025,0.010928054063269061,0.029053804740999858,0.010279467893623955,0.026437960681464878,0.015614752818462883
0.012350771799729765,0.004177767342643348,0.01389089535155078,0.03658581202209783,0.01885618388550525,0.021508521676288146,0.006495784236030816,0.01138302631414193,0.02836203571347537,0.010495888760372562,0.026150490844713156,0.015592061769511906
0.01166402476505738,0.010193295461842927,0.014064262427885495,0.035202343067954604,0.019539531402957895,0.02200762344075988,0.006659740536508698,0.01076808769530619,0.028054504290936432,0.010060483627568945,0.026053879422646035,0.015722899617147394
0.010998813228052694,0.003669841936237964,0.014674267937458269,0.03568420902382278,0.01939134447947814,0.021750809673890113,0.007223199761923336,0.010527058224106331,0.028988280038380485,0.010403423974898619,0.026047093144405082,0.015618947657782609
0.011955816086072312,0.003956356638647749,0.014706185127340858,0.025180290882720276,0.019096141433661916,0.021709397998393505,0.006357412456841117,0.01043567916965388,0.028398522140907788,0.010047464220979909,0.025951444846691842,0.015723715451066225
0.011434046703507166,0.003765118362143392,0.014890524861220307,0.03426758183955233,0.019329871997587632,0.02157883720277849,0.006370571019762785,0.010035133000635224,0.028732412172199094,0.010127751456877046,0.026309142953359153,0.015756964578343628
0.011840246656018337,0.008875863066734952,0.01550863675981154,0.03423520268951752,0.01912693205922463,0.021883801391372092,0.006674622817064608,0.010157027647429257,0.028858529715628047,0.011190551593478594,0.025607604434212786,0.015492154772823043
0.011645903960888397,0.0036083445131874165,0.014705471464767896,0.0238109978236748,0.019159327047796774,0.02158731529353352,0.006642664505586481,0.009684170158617023,0.02783956614820115,0.010474626265334852,0.026101210052098017,0.015556042978235542
0.011992952940851955,0.0037792737823085397,0.014818766485877715,0.024327467170083054,0.019078580858841395,0.021373092985778344,0.007055465128010831,0.010143644144733573,0.0290414857624116,0.009460908001184506,0.025273905955795938,0.015739356260328952
0.011721886520416596,0.0037075609402522844,0.01357203834372273,0.03400273381979911,0.01881796814870711,0.0216248478151335,0.0068561665390277,0.010628257560942428,0.028418698366777406,0.010078440502430416,0.025622826863996594,0.01577802216180993
0.012476232776560651,0.009324322308254637,0.014970171932424645,0.033391099936223,0.018988591654134194,0.021227816931306785,0.006863352033679841,0.00981995119484256,0.028222597269181488,0.009722925783935198,0.02551105011135573,0.01559923688533157
0.01189666084523396,0.009642625031097467,0.014549623673983672,0.023943264041527197,0.01941393221431428,0.020654798419494823,0.006897003596787376,0.010939159675632039,0.02795763858601447,0.009897873738763439,0.025563090986709752,0.015567836849069821
0.010539340195146423,0.0034573902581114696,0.015527034119104772,0.03404127845425363,0.018559004643462964,0.021126016689553183,0.006565565708838171,0.010072390268862313,0.02853922002311677,0.009378601969318843,0.02536525974025974,0.015438793674417455
0.011166247560174909,0.003260226024949858,0.014591255168952143,0.03435493457102711,0.01902964056814895,0.02149931954653635,0.00628590825088317,0.010228389713922169,0.0283952159740127,0.01018576803746733,0.025073276651012586,0.016018350622473105
0.01088211513495455,0.0031495686035883665,0.014563629955639184,0.024390422368944165,0.0189790414445328,0.021536129010027223,0.006683522510437991,0.010398523409675826,0.028343144785286507,0.0100145009974443,0.024889180921945038,0.015434099482031621
0.010952962502532873,0.008348653111793475,0.01509112777506976,0.03498840134495415,0.019127590593050945,0.020946093134708514,0.006701119354977055,0.010307525008632553,0.028095648826866184,0.010218105461066464,0.025073842466062556,0.015547118652500132
0.011434661202423233,0.003314019229265176,0.014193255365050528,0.03472427191882854,0.019230991126820692,0.02135045924837843,0.0068772763784812774,0.01035387473054041,0.02887452862332023,0.00955820997666841,0.025453453270005144,0.015940726004425147
0.010945517591635874,0.009725516741018242,0.015196875522392597,0.035701152790223595,0.018852202502818407,0.021680451820615943,0.00687214376524757,0.010297229530394848,0.027800404217877328,0.009506950531533604,0.024839166397575697,0.016101918704632845
0.012207999902336002,0.009515544593648183,0.015177823378704908,0.025383545370548995,0.019509758781342427,0.021781936675553698,0.006397142268605769,0.010538429436784177,0.028197052280154632,0.009043897268562147,0.024408818417918025,0.016011733398234227
0.009909231440009512,0.0036847069920999884,0.014902352336316288,0.025011630408139786,0.019149787724603073,0.020772616705753807,0.006870090032529876,0.010923505964780433,0.028243640944241404,0.009326887832048866,0.02427938777095797,0.015849970519054835
0.012282552756634727,0.008088860991306093,0.014743934713857086,0.03441878715077838,0.01861109146607012,0.021397834967058032,0.00656900310779537,0.011271758721241518,0.027994972103010298,0.010127997634099753,0.02518523742123317,0.015722973780368923
0.012651693808767118,0.003049873049034334,0.01478690589908824,0.0344489036636409,0.018964320527359826,0.021625689589176773,0.006656415786355679,0.009905795881170073,0.028233274608122153,0.009448821873644686,0.02465793282685939,0.01606967812434717
0.012214740015366142,0.0033305456666103805,0.014912374885174712,0.03497041502888556,0.0191043133718731,0.021011802329368407,0.006971648397462041,0.010424104699707604,0.027395158727549666,0.009592004105377756,0.02378370150503263,0.016322773043266774
0.010187687771820244,0.0033989073192749997,0.0147901207909165,0.03513024538476402,0.01889112853712768,0.02172057351002296,0.006777060463578044,0.010527379608886793,0.027705435806505235,0.009430359155228427,0.023782230868384376,0.016117645921107347
