R1_1,R1_2,R1_3,R1_4,R1_5,R1_6,R3_1,R3_2,R3_3,R3_4,R3_5,R3_6,R4_1,R4_2,R4_3,R4_4,R4_5,R4_6,class
0.0072369425654527,0.0260288555893063,0.0069524445838023,0.0041743073884823,0.0034174294369169,0.0021937045505549,0.0008558665888855,0.0011571431662653,0.0005682634091838,0.000416130673021,0.0056205573007385,0.0007411010256319,0.0033398806126276,0.0074767584962145,0.0266259821659171,0.0210504157457109,0.0217157623861279,0.006455069488823,1
0.0101671892601946,0.0274802279759712,0.0069881201956673,0.0103677761223895,0.0051909275045446,0.0047508601432289,0.0010763861754987,0.002305715777183,0.0007436527195342,0.0021964322033861,0.003771935217767,0.0022974720914577,0.0029987255416448,0.0059621510725611,0.0075982934232971,0.02442408018914,0.0133524540475293,0.0015441053623382,1
0.011147886750848,0.0308476312103993,0.0071677445759884,0.0029178431653462,0.0030283749649087,0.0048194513054688,0.0010595102540991,0.0033691348836519,0.0016462219617533,0.0024135560755964,0.0028886122240292,0.0051025849184938,0.0030444041568294,0.0048178654158203,0.0034649326295824,0.02646209701534,0.0264989811141761,0.0096490914897907,1
0.011567487032847,0.028855864954552,0.0079261536120274,0.0038629845727848,0.0028963083942837,0.0061947544058642,0.0007601373051216,0.0028997114497136,0.001610926982157,0.0011505200005246,0.0026846761904659,0.0057259273425627,0.002800150984141,0.0055737507552432,0.00319287248689,0.0283237976547895,0.0226998265733249,0.008028962071986,1
0.0031296818083802,0.0029885216859087,0.0153541668905816,0.0084435212861171,0.0179815042247544,0.0191094609029984,0.0014198670351316,0.0031498245547722,0.0058054613135668,0.0092924107951794,0.0077653437368231,0.0025401089554335,0.0006885116732334,0.0067580764081634,0.0103578212944376,0.0126108334625943,0.0455703355343805,0.0185450654362633,1
0.0044390130653471,0.0054602618523173,0.0240153698366954,0.0110611271067299,0.0234840461132729,0.0315589821597073,0.001664500596557,0.0078651225858006,0.0102622834401637,0.0107699548415793,0.0081746163448183,0.0159299084030266,0.0021218974941027,0.0095187872303565,0.005809056318801,0.0111010091927457,0.0300313827950207,0.0416072030389901,1
0.0083617912963786,0.0162333709406426,0.0280515924889055,0.012825988531001,0.02639643753679,0.0412979107386957,0.0016713654320178,0.0100224000641433,0.0131026566946714,0.0105977558192277,0.011824356282044,0.0208701604706638,0.0049336595469025,0.0105733057863473,0.0085986740844561,0.0187795190565169,0.0381641516490729,0.0655557158028608,1
0.010384388525666,0.0262103273931994,0.0291019149060008,0.0125799455539956,0.0244001229766198,0.0389020291298394,0.0014092881389659,0.008934825806636,0.0087935202308123,0.0138631650160258,0.0074794259690157,0.0217520871127584,0.0080486395384588,0.0115658949516025,0.0134634440566972,0.0210354931876555,0.0621708828887078,0.0749642045923071,1
0.0129401260368276,0.03428449963487,0.0251686298197926,0.0071366584452361,0.0206090382998367,0.0261839738369733,0.0018455625846882,0.0097793389949186,0.0065622740116887,0.0166018916195311,0.0068169439231375,0.0212921798082,0.0008346193426371,0.0142206446787058,0.007335772233075,0.0305084538925736,0.0170158315296551,0.0233481204763016,1
0.0144614205453401,0.0415656966618589,0.0213167347025782,0.0081772300123966,0.0108602513713782,0.0221175325680667,0.0014596588251848,0.0173341168354142,0.0064673347854655,0.0147664028894897,0.0122352296307897,0.0287189619818381,0.0024142185886622,0.0052484897470752,0.0137614047641983,0.047154241524025,0.0074040344583763,0.0158808302498054,1
0.0129731973742248,0.0191988327109711,0.0133580724835729,0.0143352322737685,0.0086314119522613,0.0273335319569988,0.0013839499176203,0.0108184246426403,0.0030158825422321,0.0133603211821212,0.0044076571583217,0.0151417418454149,0.0029399797258998,0.0015547527158031,0.0145429161455455,0.0436955989792708,0.0047678532264062,0.0144253516900742,1
0.0107612045661943,0.0164671127058594,0.0129828820699907,0.0162409903106251,0.0057694848484673,0.0320506656923264,0.0011711667186274,0.0062972292191435,0.0076715002232406,0.0070172434723846,0.0018202873942549,0.0059019961731456,0.0040432727219797,0.0051119621960171,0.0086852676148083,0.0244902957203208,0.0103936598674808,0.0186616255395542,1
0.0090911735614126,0.015940522721621,0.0123543728302632,0.0190391330340381,0.0098082872180362,0.0309244238006735,0.0015315758092501,0.004248586495273,0.0023080850372386,0.0018117986866996,0.0007862454843956,0.000810390371525,0.0029156125512455,0.0074342809563459,0.0147527222460724,0.0188403394275551,0.0169087149207573,0.028363564165473,1
0.0069380123288479,0.0160417599093961,0.0135431987410242,0.0186175362297255,0.0117305080013795,0.03003481034519,0.0008184794991756,0.001167678109445,0.0012208946349616,0.0015228578681725,0.0005528686446574,0.0018059163625954,0.0015381446806573,0.0066997545209943,0.008898625963165,0.0174519765236011,0.0214159818906457,0.0319589902237448,1
0.0063184844735881,0.0166507929107584,0.0120118821538265,0.0181739538163485,0.0128083612982555,0.0285550298257286,0.0008806959893809,0.0010785389938223,0.0013694808722552,0.0009777466810877,0.0008544222546238,0.0008731167526482,0.0017356515853007,0.0069013922178521,0.0012696386113353,0.0130391186598915,0.0304458490129455,0.0314407075416825,1
0.0062402963391925,0.0179218214305556,0.0097014570618361,0.0158090019618971,0.0139179232231683,0.0224278104850014,0.0009918265557196,0.0005584824690956,0.0009493828014938,0.0005882329757876,0.0030426219612193,0.001463542997576,0.0026705678321558,0.0066989107571108,0.0022088859505797,0.010057063779887,0.0439448404362843,0.0276312553708252,1
0.0077916026781296,0.0210386353499566,0.0074399503011319,0.0091418123643012,0.0141385121760866,0.0116120416872296,0.0007977271795382,0.000681021510473,0.0009938085725927,0.0009746828089734,0.0049754932082029,0.0007471857435764,0.0009900151036704,0.0057769774738317,0.0043191506822098,0.0109662349625503,0.050598325195436,0.0144853430056797,1
0.0097970636240905,0.0268777465697275,0.0061652509195471,0.008800934307186,0.0110823094202954,0.0053552627773892,0.0008477239417501,0.0017376855869927,0.0005942005432775,0.0018447117923754,0.0037830868778335,0.0025732918552996,0.0034351842564131,0.0030293611743742,0.0128823812824152,0.0260348189668863,0.0190116598509866,0.0162322378737066,1
0.0084959601709387,0.0297115895997551,0.0090512399746203,0.0048458393139066,0.0092582477099724,0.0069922393135858,0.0021783948541085,0.003215391694193,0.0013402375222546,0.0018562494442853,0.0019083619842079,0.0054361741511006,0.0042837908636165,0.0018253691261446,0.0184985811588251,0.0317355539758302,0.024993251822008,0.0211711006008358,1
0.0106836237142258,0.0326489034865764,0.0115654802796995,0.0043633272813983,0.0078065475075255,0.005692556413234,0.0020173825752211,0.003208482714941,0.002806049506009,0.0016791274716336,0.0021618849734509,0.0062403859054643,0.0040401738729227,0.0016744831540296,0.0182726498631378,0.0353426826509839,0.0253990830931003,0.0219645536033948,1
0.0120360117471474,0.0334130792157282,0.0120771342409702,0.0047960963612496,0.0044331939832691,0.0056586978996611,0.0013041188114834,0.0036526304600889,0.0033236603737589,0.0015003483058592,0.002002643489406,0.006243580818471,0.0033079262544152,0.0020364504261781,0.0166849645110804,0.0358289383168997,0.0246024248149897,0.0218695872771489,1
0.0094504202601889,0.0244506549107917,0.0123590298161594,0.0052492060575837,0.0086206004765467,0.0047248529153287,0.0017963764213379,0.0036613191879486,0.0034655150067196,0.0014966692374455,0.0018328371843075,0.0068311003604771,0.0031213762772281,0.0035719579866301,0.0136285086595544,0.030490407717732,0.0266568569433115,0.0133009322623422,1
0.0062807284640101,0.016705730232527,0.0061757596493156,0.0086969226808785,0.0089624767983881,0.0020556771945433,0.0004582375158687,0.0006151176732411,0.0010278006720377,0.0014089472092841,0.0044738285503632,0.0001323456693658,0.0032770199305075,0.0043150243971479,0.0261510379346956,0.0119323625958616,0.0425524671920478,0.0107806831718926,1
0.0091749348120881,0.0254562394515707,0.00957847066306,0.0189563756926185,0.004851116799854,0.0073056745365828,0.0015960364668796,0.0013586347351273,0.0008815281678662,0.0019620438689464,0.0011927170786828,0.0052155318538607,0.0032165800548877,0.0028081281831888,0.0106799154577892,0.0249809520240816,0.0247896597371304,0.0143940397160343,1
0.0088166861074595,0.0264777216450078,0.0120154759330017,0.0191962528914355,0.0057675980953084,0.0073713967691167,0.0010122834523238,0.001337428002907,0.0005471591251998,0.0001240332845799,0.0013367506025737,0.0057742721529951,0.0029651857540615,0.0024670159961317,0.0154117875515909,0.0323368203204578,0.0297488011233147,0.0222999250722517,1
0.0098299903174595,0.0256240086711645,0.0122314882541018,0.017000759933969,0.0063154118785318,0.0083074556091109,0.001194743130227,0.0009721511741739,5.866581120962972e-05,0.0009817314503069,0.0013118434141721,0.006414446359513,0.0040793898211881,0.0021221397535134,0.0150352200028566,0.02848791827386,0.031519690350562,0.0224705467308725,1
0.0061393535015188,0.0136252776150314,0.0081258796264695,0.017214074227088,0.0115634474799778,0.0067732046605066,0.0009037961426342,0.0007550508560728,0.0005140178581112,0.0017131698044228,0.0033429722366155,0.0056764835773653,0.00337418572463,0.0037888432206986,0.0074964316985115,0.0226173217019986,0.0202442263466459,0.0155187932586362,1
0.0060832542003349,0.0076456281915719,0.0285168391935437,0.0280060268969882,0.0118098891287608,0.0247360049867786,0.0008731152279852,0.0047296038200064,0.0056999251599826,0.0059596993212498,0.0077334197414099,0.0015847313040532,0.0010641000007129,0.0050982197526445,0.001891675831836,0.0078920805339466,0.0449391748268718,0.0209709992051991,1
0.0070335952644209,0.0149505212499233,0.0349369388254201,0.0235720077693337,0.0153701674272337,0.0382055612014884,0.001332276926549,0.0090365256366232,0.0105325577157831,0.0088882963357998,0.0075280967390543,0.0123176525510474,0.0027518787764376,0.0105597959002648,0.0030662835447586,0.0201722711960139,0.0402183049593191,0.063238707147871,1
0.0106089089373692,0.0239498585760851,0.0300751879699248,0.0164009709374794,0.0126572024544847,0.0369464498156372,0.0014984276998145,0.0121419343558461,0.0136743534765676,0.010873110796999,0.0153524225355139,0.0149609220715491,0.0033407542621342,0.0129297025004751,0.0066511871371361,0.0211443759131727,0.0388183688521408,0.0641058515821324,1
0.0111665966893274,0.0323410035413398,0.0159723741816154,0.004472373922661,0.0199490103295975,0.0233727865971092,0.0020546255064908,0.011779131854424,0.0134324468813888,0.0133760475117207,0.015201518935772,0.0192781861540211,0.00014221757215,0.0129092556781361,0.0020918852216049,0.0210029320093085,0.0235386056671547,0.0342693433308431,1
0.0119250771254363,0.0418841150305335,0.0118104191517756,0.0113690883582809,0.0156633998035809,0.0259388569264529,0.0008822794005934,0.0185534608698233,0.0093903679240056,0.0157770264407186,0.0270411322662902,0.0207743428555996,0.0024440006139329,0.0061632408292517,0.0036173220530762,0.0342560778846186,0.0226153268593191,0.0120378518212667,1
0.011266386959833,0.0198542696606905,0.0110640397685845,0.0198838781515946,0.016219047974322,0.0425340059377472,0.0017818870468928,0.019407451685149,0.0050110769856768,0.0157366812598157,0.019369034337424,0.0122656043017927,0.0022744956931286,0.0012239627925102,0.0100579438143142,0.0342020658047746,0.0080024647591458,0.0136566872700555,1
0.0081202907388896,0.0172992123668609,0.0112337587932246,0.0207376377756809,0.0149267989778128,0.0409331112029832,0.0016675741049087,0.0124214035689176,0.0029902884402326,0.0134873589728027,0.0076582872240623,0.0111349894774349,0.0028111089403103,0.0059988470216024,0.0106998676426372,0.0195851474076119,0.016178559525774,0.0274459109709539,1
0.0073155137173197,0.0179344209961853,0.0121554093394872,0.0205145879234723,0.0128337743873797,0.0400019200921644,0.0017017010033058,0.0060195599581279,0.0079773570696933,0.0044617859190498,0.0026137271906562,0.0031365050927433,0.0020739009724729,0.0064969321486394,0.01191640877572,0.0134081148592751,0.0238847037580192,0.0323983178793357,1
0.0075182938886044,0.0164933490569927,0.0103492242221523,0.0194408046937878,0.0031548199496932,0.0353646805862049,0.0008682172911724,0.0018042712151622,0.0013488001141624,0.002182407352443,0.0011940073249961,0.0007071479147657,0.002379307826043,0.0060809015301372,0.0045340082355725,0.0103290206229225,0.0399590819001342,0.0305973208985821,1
0.0076949535724976,0.0177258449910307,0.0105412844133406,0.0185701711055565,0.0113441707978355,0.0177468903011469,0.0008403481394272,0.00086092104605,0.0010054831004433,0.0009034372807188,0.0011548984440053,0.0003643800168751,0.002081322688894,0.0054460031510574,0.0038768495479981,0.0080563752917414,0.0543448725612738,0.0137578643392028,1
0.0077347775710013,0.0227095180131896,0.0097790329709875,0.0168128544359875,0.011041537158637,0.0154468781859186,0.0008464842419763,0.000701885601631,0.0005494379908679,0.0019699441678423,0.0025066325497265,0.0003883279491663,0.0032592017041713,0.0045491103759748,0.0067637215619326,0.0153370469436332,0.0351191416881771,0.0070350797215234,1
0.0103903228688928,0.0289668676967284,0.0094681996313083,0.0183750231984667,0.0069852645843592,0.0079403583801351,0.0011547468119461,0.0009593971608751,0.0004853390007986,0.0030039321471806,0.0013318780346008,0.0016618039513377,0.0026900514633745,0.0059328449415377,0.0131536890178535,0.0338892296639205,0.0222503070542373,0.0212759619926215,1
0.0101487193331073,0.0350843955134075,0.0120213547345504,0.0224463868051159,0.0077137876239991,0.007109943184444,0.0005031839973802,0.0014819625155365,0.0012680153277692,0.0024333487526532,0.0017906667583488,0.0053002569034521,0.0030323153850585,0.0066209862753575,0.0025063397864899,0.0469413045927372,0.0098716878019502,0.022077540738582,1
0.0091603025464725,0.0388034566119149,0.0126369210394625,0.0263410907845693,0.009399494495186,0.0082500627004765,0.0009707415582129,0.001367740018883,0.0014293874045812,0.0020037823395441,0.0007830652431167,0.0061394778865215,0.0015307618065744,0.0069603808163552,0.0102105622139766,0.0504849075368918,0.005857479327491,0.0199433608551713,1
0.0106127257194101,0.0397601666746187,0.0129602677072897,0.0262414157768639,0.009429363225672,0.0091753557285415,0.0012221042484254,0.0013263633821841,0.000959471354311,0.0020362364567367,0.000968850769563,0.0057141681656834,0.0005643368246595,0.0065984605791468,0.0197041228906736,0.053153038227665,0.010193825396081,0.0192601409457114,1
0.0088935214253824,0.0317550037947229,0.007236204176737,0.0089224690970282,0.0108119679836004,0.0084792758020123,0.0001704924810002,0.0012342508054412,0.0003579887333785,0.0018614808787753,0.002361000799907,0.0045274333029844,1.462446321328229e-05,0.0084092053889551,0.0086191738694229,0.0423038686887915,0.0157651621446926,0.015940649772766,1
0.007202016564638,0.0206838922121009,0.0056217453607951,0.0098592007540316,0.0077522444685797,0.0039526222882046,0.0006772845468116,0.0011609307785735,0.0012765040536662,0.0015002353119086,0.0032551521734813,0.0002480133387525,0.0036322426919277,0.0050711379227807,0.0234645392151111,0.0139317871835916,0.0307653496020502,0.0139244930440195,1
0.0092559339792741,0.0267590030665817,0.0037070867636242,0.0138214899289713,0.0084202017480338,0.0047283671293373,0.0013749134663837,0.0007834194598573,0.0011784024751165,0.0030017572286816,0.0012191620577261,0.0014830425210536,0.0024246268378065,0.0055558981692759,0.0054241906971875,0.0265556287310658,0.0231232585295919,0.0008185678696722,1
0.0102506278509558,0.0333847458419299,0.0070487065623458,0.0175384442698394,0.0061433740639033,0.0075308123186015,0.0005668553123355,0.0010730014382511,0.0006583983249293,0.0025843452767988,0.0018175932484408,0.0031518349194942,0.0010918983110735,0.0065387042249837,0.0081879360587697,0.0468568429733478,0.0224676185447723,0.0158229851010772,1
0.0105576665023189,0.0324394112895639,0.0083136300301618,0.0148227422369593,0.0081031958193992,0.0054959308128261,0.0007712587644881,0.0009784194905076,0.0005961256838008,0.0013249153511582,0.001649081140234,0.0038229120114748,0.0008469561286041,0.0045161549637285,0.0116499741953071,0.0508202386518407,0.0137023466638896,0.0192772199164525,1
0.0107666964545268,0.0298065258407675,0.009507971959089,0.0147075477664382,0.0083625954485738,0.0054268075610624,0.000404867757437,0.0006031611919333,0.0012925855226285,0.0004382526551098,0.0018658387318267,0.0051447765855043,0.0011281747542694,0.0047248283587977,0.0072373196731336,0.0487976264834478,0.0166651668016545,0.0205657218774036,1
0.0083278092198841,0.0251674263034839,0.0129210151266324,0.0165576620581173,0.0098182157356543,0.0072737112074797,0.0007561246855655,0.0008173542618526,0.0008839758688731,0.000664928543454,0.0021174938020956,0.0045024054100903,0.0015409844856763,0.0051217858233065,0.0021513144208414,0.0407484678576085,0.0248958110308359,0.0205857044633924,1
0.0049723957450215,0.0154380071385345,0.0103804540202979,0.0200854031341263,0.0122704053773824,0.0082952236931497,0.0003962304379546,0.0016871281569542,0.0008826387863434,0.001543852195296,0.0012932402976263,0.0038897610597576,0.003332875618415,0.0064444491703738,0.0040244007466068,0.0212686313210372,0.0192988347363586,0.0140990230786908,1
0.0040737843827401,0.009965132003121,0.0119833096463245,0.0236434566733656,0.0168101977383559,0.0216332217059093,0.0005433452593995,0.0051302940787171,0.0049412973870419,0.0095578536883757,0.0164657027644268,7.603482002417436e-05,0.0027455639237293,0.0049913425164052,0.0057246161931073,0.0091683987299934,0.0408640290298062,0.0252043442207698,1
0.008354539940549,0.0177630620676914,0.0192210478162006,0.0122447880059852,0.0175004462613796,0.0178475497991258,0.0013834111571279,0.0083456919121065,0.0084156595226132,0.0121882549100384,0.0098105292486213,0.0091810503121557,0.0027244511865529,0.0052244120054898,0.0108310912974347,0.0176208659245932,0.0243479023064767,0.0334826660237994,1
0.0103840326806276,0.0293072069352574,0.019765306747678,0.011703366473366,0.017752687313042,0.0217998382452002,0.0005949020817943,0.0070457764093314,0.0035831416053979,0.0119918455450293,0.0052339442218564,0.005100947756093,0.0013136435677771,0.008881980681692,0.0070457515879362,0.0218392109929852,0.0274273176083379,0.0504670727583787,1
0.0123468069922437,0.0377036942079584,0.0149233239614858,0.0082497564259415,0.018311563935741,0.0189056287728545,0.000315652699708,0.004407066643221,0.0028627768018889,0.0138919180988076,0.0013412506464828,0.0007143903724752,0.0017669405424507,0.0117692612787773,0.0037520875677204,0.0210174991698087,0.0222299780145517,0.0367851270374362,1
0.0112055741007806,0.0488441042723938,0.0194013142450269,0.0185020722320899,0.0120663358881788,0.0234038021817024,0.0013994970767305,0.0190973084253505,0.007631781792095,0.0115716365302679,0.0172215151833488,0.035496111400996,0.0016837655868285,0.0026140865806388,0.0189484734162392,0.0399364212174218,0.0069174424001864,0.0128479052132945,1
0.0106277492658882,0.0290032454631673,0.0051444139895136,0.0228067334599867,0.0163526414421721,0.0372581017742308,0.0015726564116887,0.0234939221223469,0.0064991531603432,0.0086717708710013,0.0210509475031471,0.0300427508344374,0.0024444152201024,0.0020770040960597,0.0259470006564591,0.0384681964186109,0.0243725292348488,0.0130892108253009,1
0.0082501852166581,0.0183276395466475,0.009441087613293,0.0183457289308476,0.0174444264185371,0.0437282725145943,0.0013141098338255,0.0132100047291816,0.0026809910229696,0.0121964605871376,0.0056211828655103,0.0175916657724236,0.0037081768637204,0.0047313022483621,0.0088124982375003,0.0219503789732929,0.0103514739463752,0.0198544273387522,1
0.0055489800142386,0.0159552487183946,0.0071501247339259,0.0185540460808288,0.0068622546486628,0.0429811742456804,0.0013234718796635,0.004896279659826,0.0069092552237424,0.0042328884426483,0.0001793541010436,0.0027501086292908,0.0023562088223055,0.0065538186479734,0.0141481738244636,0.013640778288246,0.0223772718525248,0.0269276857000525,1
0.0058102140076125,0.0180688386615327,0.0050760983280854,0.0181682085419649,0.0027165682137069,0.0374297723895541,0.0007833358152023,0.0018161048546298,0.0010884011376404,0.0012496216770372,0.0005962835080026,0.0012167879256673,0.0022206253458623,0.0068017725419244,0.0069141709390481,0.0101061448392466,0.0416651042252582,0.024820670654521,1
0.0069170643978695,0.01790378862071,0.0035387807909316,0.0187725387793719,0.0031509897573926,0.0300182210601835,0.0003836300897498,0.0010319514883733,0.0011908758427381,0.0012193237947258,0.0009499777800197,0.0009347953158154,0.00262313727743,0.005687098135428,0.008392669506746,0.0086750282372169,0.0544873017343308,0.0163249314352879,1
0.0066241660174983,0.0281907725963137,0.003685297689134,0.0162799632724028,0.0132927461484268,0.0153962217671783,0.0005560908547911,0.0009385476538185,0.0015869862052811,0.0009232746743079,0.0019105758781388,0.0013499027597547,0.0035651564426298,0.0058065535085518,0.010030774415908,0.0084304023915365,0.0496694498115044,0.0052855491500572,1
0.0100147818179633,0.0284334855472592,0.0043941287409415,0.0161598402114999,0.0107766749647063,0.0063094985715295,0.00203902739209,0.0011506449710256,0.0006675160140429,0.0024229918667432,0.0014188698049323,0.0027435113213738,0.003150259171822,0.0062174400436712,0.0107906177736581,0.0232283720627723,0.0249160950499193,0.0162122113618419,1
0.0093974098858872,0.0397614314115308,0.0125814333272103,0.0193010696652808,0.0055737196887189,0.0121683959985446,0.0013830166386582,0.0009313109729293,0.0012378854341982,0.0017055937163198,0.0013038052730318,0.0055795569497008,0.0010430173741662,0.008243792012425,0.0122655742128567,0.0506785862701574,0.0021945147664509,0.0207102797544589,1
0.0072335869911171,0.0278391786328736,0.0102221372649036,0.0053847483464784,0.0066580422825633,0.0055613362556301,0.0009999286050975,0.0046402571073658,0.0008583282083986,0.0042476101883177,0.000486270469373,0.0050437036924954,0.0025488798692526,0.0059200427190282,0.0466716138577355,0.0527623740957848,0.0303310635587436,0.0080195548826257,1
0.011527696443475,0.0296747352271749,0.0049515392850175,0.0165350203463425,0.0073202798103754,0.0041033233225922,0.0010579754687228,0.0006407848948545,0.0007556782038073,0.0028640903219523,0.0015841313130801,0.0008035614486252,0.0025207692480268,0.0060227539644777,0.0041878975623504,0.0288674435857983,0.0267687448135556,0.0082631516321377,1
0.0099214617091106,0.0343590659831503,0.0071121529624961,0.0199548222823527,0.0047487123866363,0.0063613231552162,0.000984871099578,0.0013693977936262,0.0002455839161592,0.0008666693360082,0.002251275178543,0.0037751875796328,0.0020279331568896,0.0053793634706792,0.0026624791195075,0.0465064364908103,0.02139357764799,0.0188966260074263,1
0.0096508794363886,0.0349246152180518,0.0082853954163535,0.0211061746113825,0.0045115400683408,0.0040128330400621,0.0012671891033902,0.0015987146334347,0.0007202379147499,0.0010620273911732,0.0017323333612239,0.0039060730060669,0.0015282563130357,0.0049673792206579,0.0068840228026371,0.0503030760330994,0.0151691665453133,0.0202033670931597,1
0.0087454021048433,0.0354664009051025,0.0091022538090656,0.0217412100287853,0.0051304888534999,0.0079304656769445,0.0007342141749738,0.0011116260409961,0.00172166318862,0.0009511292662665,0.0014919779330495,0.005483168591533,0.0014679597238826,0.0052633490374124,0.0063480979511513,0.0497817072138671,0.0154823926489599,0.0201239231185641,1
0.0071181976723493,0.0329423081357618,0.0105317479542079,0.0220260921087119,0.0055978754942924,0.0085710661377747,0.0015512692950753,0.002373814546688,0.0006306503512375,0.0016842048532047,0.0020721686612671,0.0054157010922927,0.0020564393903562,0.0051453748482757,0.0023181089979487,0.0445606983552646,0.0224946069179914,0.0203442242747284,1
0.0068568152972806,0.0237656140084035,0.007917085942343,0.0204001697294121,0.0078571877553586,0.0068897997204119,0.0012638636361912,0.0037857751014871,0.0003212962581869,0.001257250089799,0.0021592335411883,0.0044842104224709,0.0020068952908402,0.0054264541811914,0.005112738438948,0.032242775200147,0.0239458440790308,0.0124279026298684,1
0.0059059001123302,0.0126296113868576,0.0164447448351167,0.027710349261242,0.0103353404564499,0.019777972480929,0.0016483488407245,0.0084460458147309,0.0032646409352021,0.0102964873533394,0.0033896397694231,0.0061893022861425,0.001890082980313,0.0039393280451793,0.0031177065153207,0.0068776074729331,0.05072768869432,0.0253842541471525,1
0.0086777533643649,0.0176453358083857,0.0293181191840181,0.0240048777911671,0.0172250155455765,0.0449367515222324,0.0010664293790203,0.0076177649325332,0.0021417376260037,0.0118982461985103,0.0011029559771666,0.0061557743317753,0.0010954098711546,0.0065973287415925,0.0031415530393111,0.0141847794479567,0.041724733587576,0.0420662964832576,1
0.0101933266329199,0.0278925245245021,0.0276381284564934,0.0240091426815331,0.0165022220241955,0.0505801543706311,0.0009549219542286,0.005057946362502,0.0063998648348546,0.0091139840414139,0.0007792236532404,0.0019051135342885,0.0028835304562812,0.0113485737112559,0.0035937599389923,0.0217999808160168,0.0471504618387737,0.0643919149511587,1
0.0124944399742114,0.0371890991312626,0.0141945850496952,0.012726985791593,0.0200444987873078,0.0263440746907205,0.0008381420335605,0.0030887687426487,0.0046874018575236,0.007527943727115,0.0017685223535919,0.002368638281695,0.0024153673399342,0.0088806791943447,0.0040197627616413,0.0302479423837193,0.0141814602933293,0.0159529579176923,1
0.0104541600761899,0.027759117482137,0.003358335018098,0.0131797627379111,0.017420419170126,0.0405273417711258,0.0018588410943666,0.0253846407692561,0.0112210776722996,0.0114451177988749,0.0186429776563912,0.0144004654230424,0.0022453720076207,0.0013337793491476,0.0116908199005812,0.0389359581360578,0.0064963623618954,0.0123123596391001,1
0.0057851153609854,0.0211817286408743,0.0050862474988377,0.0196043835401595,0.0159193335530201,0.0314013150870758,0.0007156495890489,0.0115795555998151,0.0056553536971309,0.0081622192094564,0.0058222400253383,0.0064539821392498,0.0029717452406014,0.0070267303850577,0.0089713777165331,0.019212258958196,0.0265193604591031,0.0175215734372946,1
0.002125242676148,0.0173315331647552,0.0035007680685142,0.0204274234073759,0.0132448927693481,0.0375778801566246,0.0002556172987779,0.003300955362501,0.001889184231357,0.0008324151793904,0.0003452328300264,0.0019678864545258,0.001269733080521,0.0085965526104721,0.0035451212396012,0.010165504580068,0.0412938179025218,0.028610829771285,1
0.0033026397008336,0.0177914732585261,0.0009223049396531,0.0207804730051265,0.0116612500160342,0.0310575403049229,0.0002797852446801,0.0012488783511308,0.0004262221226756,0.0005304588968088,0.0011021694552472,0.0007249431553948,0.0025092956858682,0.0079053820631624,0.0016886951317621,0.0078296211794384,0.0534659288368487,0.0285392200231167,1
0.0056254233131043,0.0196395745282574,0.0002498368378071,0.0201413114410705,0.0135292915927629,0.0115975914122155,0.0001857401802835,0.000713571429285,0.0005023970367417,0.001247820058358,0.0008749695619963,0.0004599729894661,0.0013777454160687,0.0059157595835305,0.002760720360285,0.0063416286063256,0.0562271577171773,0.01595178731801,1
0.0062845967048602,0.0254039869017043,0.0047204190221557,0.0179374127793303,0.0128961370910957,0.0066390570414502,0.0003420377611056,0.0009034812759829,0.0007128397697299,0.0014354136352524,0.0017701116993585,0.0003034796644498,0.0022748532264698,0.0053120906370152,0.0030351519154236,0.0118701970215301,0.0407780451005178,0.0042900650245155,1
0.0089323597061253,0.0352297508199724,0.0118011923924793,0.020152960973791,0.0106360009487312,0.0060914435320138,0.0004259894819788,0.0014238325071782,0.0003088161800408,0.002695716425728,0.0016045049364198,0.0018110712232735,0.003693422310339,0.0050992232353245,0.004515855167493,0.0207600244968289,0.0190072512663581,0.0154534904026097,1
0.0092653074460643,0.0430663221360895,0.0208499263997598,0.022792957887731,0.003744994346931,0.0158245124863315,0.0009937370714807,0.0011710210694794,0.0014132330050958,0.0015685499461595,0.0015991285389114,0.0039016579315048,0.0026193644374129,0.0027546843407213,0.0058201560151021,0.0400567203159674,0.0172730366171103,0.0223735169154974,1
0.0105808349336846,0.0434703228106171,0.0248208554756048,0.0265279432089791,0.0137310580054814,0.0166028287899692,0.0011205709712504,0.0019233373133593,0.0015674497122946,0.0033946094281203,0.001863777959931,0.0060816818526262,0.0018631421482438,0.0025637876783851,0.0290268178770365,0.0510511430350925,0.0115264341477527,0.0156541558652991,1
0.0055186236993983,0.0221651838158693,0.0082604486414866,0.0151977069699723,0.0078655556307153,0.0050256686023866,0.0008125439891002,0.0026707682545007,0.0012154680956033,0.0032731488542997,0.0010663262384606,0.0065822384876648,0.0029731659876946,0.0036123435223094,0.003071387963292,0.029838454606759,0.0223913014272215,0.0132988980533073,1
0.0090044256752193,0.0317280021828865,0.0100193272823276,0.0222537731272337,0.0060610358431476,0.0031536220768682,0.0004033273376035,0.0008304281496541,0.0005286161321273,0.0024157839593394,0.0014677735636367,0.0025231619963358,0.0033501174216156,0.0035246874395295,0.003174138641932,0.0292410485840022,0.0246108410754937,0.0069456406381098,1
0.0080846560504353,0.0356779706370301,0.0145038942956183,0.0237195026494684,0.0048665234286604,0.0025882154409827,0.000644781410075,0.0020293443188505,0.0010053478473391,0.0015838069047962,0.0021635150022457,0.0044994983059388,0.0021257120603974,0.0018042897711023,0.0041538261515756,0.047789953595955,0.0183709386447391,0.0192875562473359,1
0.009539235830896,0.0350787342189544,0.0146586083410413,0.0214080961137883,0.0045464444304009,0.0027887157406271,0.0011226100053963,0.0048378544695969,0.0004795455596095,0.0035422982289217,0.0021898734121775,0.0037871758650856,0.00154498064371,0.0009284492446508,0.0146966537189147,0.0529237738884684,0.0081254306478243,0.0185647929839934,1
0.0094077979355528,0.0349997900012599,0.0139264516236849,0.0209695480223619,0.0051832136442915,0.0070789694436283,0.0009800757461341,0.0051124117086497,0.0006923359928728,0.0032192640762321,0.0025591483154406,0.0034410200559853,0.0014796003066915,0.001625501121677,0.0109085990304437,0.0517188768728698,0.0119283914802656,0.0190833139319641,1
0.0091646680053191,0.0338799295297465,0.0153716558962597,0.0206233191994852,0.0110200609188967,0.0057900091076843,0.0012327404016366,0.0066264573236268,0.0007557328572014,0.0037768943202307,0.0020726801889703,0.0042829395527326,0.0019756204485409,0.0010148580289731,0.0022286536213169,0.0433752916988366,0.0218548184410958,0.0212483399734395,1
0.0063324444692113,0.0231319236739046,0.0139597735166344,0.0204931890886064,0.0084124170640832,0.005641090151954,0.0011963343835952,0.0074741934784672,0.0006717776405261,0.0023573496977406,0.0031677146522641,0.0027778541687674,0.0029432566605162,0.0038756069684963,0.0050891673002679,0.0262112204992713,0.0212514557247171,0.0159407514151402,1
0.0060177270202562,0.0083788023004839,0.0178028758765691,0.0246376418820201,0.018416036684745,0.0118313791838714,0.0006521594662935,0.0079838407064102,0.0024299830751678,0.0051733244766018,0.0007756435514546,0.0017226947286747,0.0018015349798642,0.0081656650117585,0.0072716537122155,0.0060713541973396,0.0543546204145083,0.0248333064305847,1
0.0092224973600601,0.0183318392884313,0.0388589459122331,0.0290965802789198,0.0217517559104958,0.0564445573335591,0.0015778915928515,0.0082251452560652,0.0025808995880368,0.0090381019262906,0.0021387336643522,0.0044016312445392,0.0011494058663606,0.0087005623173425,0.0003762607462891,0.0151293483638366,0.0383986237933232,0.0469199405055154,1
0.0128839580549861,0.0298729503421946,0.0402262323306274,0.031298610654673,0.0219426725736341,0.0631536401758197,0.0007267505239871,0.0055389326033758,0.0048624462578127,0.0076057831332632,0.0006119943175103,0.0017421390331476,0.0033596212497387,0.0115320302139191,0.0057067397738076,0.0211705627558991,0.0595642281071679,0.0697719851525215,1
0.0115648248912039,0.0415080712444534,0.022149669748424,0.0272572402044293,0.0102441907755159,0.0336777443993911,0.000870742537018,0.003146069819469,0.0092115214025094,0.0091571318031766,0.0026624635242497,0.0049343996241961,0.0021814856440792,0.0144375978147251,0.0170551837525497,0.025410054758668,0.0356723706787381,0.0575387235609565,1
0.0135560502007651,0.0328212130063902,0.0016917058874579,0.0119977300294784,0.007363634690083,0.0407827016092854,0.0008551308320243,0.0142617748778835,0.0143263396918404,0.0067846057295995,0.008735859918739,0.0180098081415138,0.0019688969412398,0.0038848469214919,0.0198106890553867,0.0409884781387951,0.0187261709474693,0.0149885487487559,1
0.0103539176118067,0.0244092950595586,0.0076075826297587,0.0115292381479431,0.0070869160646922,0.0425020082198883,0.000667442323639,0.005580902152833,0.0065493288902686,0.0029362763435372,0.0031767411718362,0.0028295418886795,0.0039138253925077,0.0057535677873849,0.009036182682698,0.0279943451422812,0.0122234146842325,0.0208102253123094,1
0.0039366297095869,0.0188005971069641,0.0053906118182695,0.0123918347722318,0.0037616611495636,0.0406967279830701,0.0011944046442274,0.0027943748117289,0.0042938873936618,0.0012466375069842,0.001682020712403,0.0008192110898899,0.001532498469034,0.0088608021152506,0.009174396095377,0.0208483615272675,0.0244432440095719,0.037748384369149,1
0.0054320606739449,0.0175474922878771,0.0008762256754276,0.0192411668613231,0.002934457426158,0.0305489026834156,0.0004465208058825,0.0017165946812687,0.0016651713428008,0.001503864103621,0.0017368981430821,0.0004812499948867,0.001622977729175,0.0086974824267367,0.0029500396042816,0.0151830083916487,0.0447553449070655,0.0357939272023108,1
0.0038953324179302,0.0181996869653841,0.0010961998696837,0.0195475141426264,0.0148291826451109,0.0199481746422793,0.0011908978250156,0.0013854857894186,0.0011303173377228,0.0006553184300379,0.0013153346448096,0.0007368173249331,0.0010877940048844,0.0075110656775093,0.0032486570863769,0.0111467186846871,0.0501240570411769,0.0197210263610959,1
0.0069479328857474,0.022811832041043,0.0034417199789091,0.0165102867341497,0.0140508246428982,0.0106072772286154,0.0004208695931777,0.0010012444467228,0.0005753800845762,0.0010344045005698,0.0024329520978494,0.0006887709330401,0.0014106471414293,0.0064252940696463,0.003184050201009,0.0089875280073841,0.0525922731432298,0.0081557021407086,1
0.0101502645158932,0.032121289991006,0.0086082818558078,0.0183588306893557,0.0080760375083486,0.0079564938914018,0.0002829387455441,0.0017161392427329,0.0005662650111191,0.0032185128861209,0.00198279135384,0.0039960135768557,0.0018881661827926,0.0067759996801728,0.0033770686233852,0.0177239285442096,0.0359219918026014,0.0104806971759761,1
0.0108478341756676,0.0392638807634469,0.0151937814891121,0.0210881929316594,0.0065427727223953,0.0076025103489172,0.0005297708433835,0.0006706831645782,0.0009690116846335,0.0006820462642893,0.001521717032457,0.0053548670386514,0.0033150563228069,0.0032910629211737,0.0115923884377517,0.0326941624572932,0.0187152014223553,0.0197701522104018,1
0.0097937245730425,0.0422220627166519,0.0175750322062465,0.0236200014172,0.0074987645785356,0.0081065788129698,0.0005871260058716,0.000952290439442,0.0014271768728842,0.0017815470562696,0.0013117203789927,0.0065170567668229,0.0020374781887959,0.0023409648005509,0.0253021711793088,0.0532978014656895,0.0252273615963874,0.0178800356885512,1
0.0089553415029928,0.0416328399841795,0.0205183762577764,0.0254697254108903,0.0042827616274836,0.0148759715868942,0.0019605525072231,0.0011713196755116,0.0015165660576744,0.0038681322761985,0.0016742437357333,0.005919604665122,0.0023299693236238,0.0019415274073774,0.0188865973150813,0.0531668855370121,0.0169725689340887,0.0180196089384468,1
0.0086698537048885,0.0383495871666941,0.0189518490371513,0.0240013632774341,0.0096809544646625,0.0050368292958109,0.001191816842541,0.0018836059601813,0.0015314930096533,0.0036546328135592,0.0016134364405268,0.0060658153092686,0.0024578992580831,0.0020838139129169,0.0027643384855074,0.0442734505399147,0.011950072596691,0.0206452465352115,1
0.0051023063445138,0.0245798081791769,0.0138944273620179,0.0180114624947316,0.0073590448548501,0.0046850981551488,0.0016421687926183,0.0025405400324325,0.0020022224669383,0.0030902759214661,0.0014912477180181,0.0067942721568009,0.0033647760438712,0.0048617157870121,0.0059353521444427,0.0221078998158411,0.0173191662553364,0.004816498627057,1
0.0077769689730045,0.0314511893267243,0.0061932964997346,0.0202306701004857,0.0069871631837987,0.0073005543310903,0.0008205365866186,0.0006872995834414,0.0006661536395437,0.0033218408711992,0.0021410658354192,0.0014379172746061,0.0035653992266649,0.0046432907930508,0.0059549472510772,0.0276904758608276,0.0248544770369486,0.0094085414502702,1
0.0096620411255118,0.0350467699144508,0.0107020433411351,0.0224866148425149,0.0035161397848403,0.0042204741955987,0.000693446218981,0.0010751026964973,0.000244563715451,0.0020544739663222,0.0014976568409894,0.0032540558552179,0.0025516459519795,0.0019154537853676,0.0016352577264292,0.0493880816681318,0.0164455291184538,0.0190549869759164,1
0.0096770759747234,0.036931986054482,0.0117101503583306,0.0242671325956125,0.0145728196511558,0.003617484314588,0.0011917216815049,0.0011291718382736,0.0015191277168649,0.0005655009900508,0.0010102581613705,0.0058742602837737,0.0017048606600333,0.0018899715275789,0.0184922868671477,0.055289245688821,0.0080637942893821,0.0155660436098277,1
0.0090398994039994,0.0389796682050642,0.0138454487932999,0.0239750659314313,0.0023177989810028,0.0088586827493099,0.0010408957532494,0.0010052149546632,0.000810577386431,0.0023783277264257,0.0014047958606847,0.0053430134488991,0.0016449844014354,0.0016192417738469,0.0187810003887667,0.0562898250512237,0.0097528529533101,0.0145730532586804,1
0.0093917437180974,0.0330004686066542,0.0162239159990525,0.0218124867761798,0.0028758242112189,0.0054753777736894,0.0014524319811578,0.0011346915136875,0.0017031309849087,0.0027980676544778,0.0015686215455816,0.0067669987007362,0.00129827219445,0.0025447785597316,0.0100490595085205,0.0535891321240052,0.0129072395415864,0.0179379919494292,1
0.0062710000112878,0.0190224731497791,0.0130402918938937,0.0212163773460009,0.007191740429951,0.0043715579445634,0.0018985087593397,0.0027115996811158,0.0009244271556023,0.0024794988833576,0.0017783250276662,0.005279942554225,0.0030033385110889,0.003759592129369,0.0055469270024406,0.0313797355943478,0.0219282857343344,0.015835914587411,1
0.0040736648970666,0.0065121125293045,0.0211780502216282,0.0171876826191278,0.0117249101578759,0.0222195558755171,0.0010165416743966,0.0058352725889237,0.0020997833863458,0.0067896867374333,0.0023836152196692,0.0014842364442088,0.0023109680159715,0.0078542070667442,0.0059876618240453,0.009075447827973,0.0557227237267357,0.0274605323498801,1
0.0053190697159829,0.0111869086320424,0.0308323184361848,0.0252907167894952,0.0190382268557035,0.0483432759337503,0.001126937444942,0.0064657833975493,0.0018815641894682,0.0103077481281129,0.0018203178784704,0.0057044642566826,0.0026768071258747,0.0102357497891435,0.004707696754655,0.019449085212277,0.0495515583965115,0.0591985697625545,1
0.0109310643358722,0.0226659715768716,0.0355249882767538,0.0325601385759497,0.0211928613965671,0.0595585520124834,0.0003614251122288,0.0056897612177909,0.0050570894831755,0.0105017196565937,0.0006759266362747,0.0006714781207583,0.0043767526158756,0.0129431742876076,0.0084232444484501,0.0204596464163906,0.0753852184663631,0.0638247627314445,1
0.0102691229039436,0.0324012571687781,0.0255755129808516,0.0218067788552749,0.0133773358500561,0.0396712050525246,0.0002584893659155,0.0053414238099307,0.0032408145592945,0.0138038418852735,0.0022072716356765,0.002069738171912,0.0073796108731186,0.0133320356818602,0.0171425436792012,0.0181968057327216,0.0749585853815766,0.0522528830528224,1
0.0101735298994956,0.0440361801255911,0.0180921796553439,0.0139333401142255,0.0184194627411107,0.0234338567675806,0.0006657248435396,0.0090740231587219,0.0017500204314885,0.0200764108195793,0.0064938649211157,0.0112496948520271,0.0023778933909544,0.0039891065478391,0.0226957565743932,0.0418583429956341,0.021539793691856,0.0155998452495351,1
0.0128131370531578,0.0295694393929985,0.0056150501311675,0.0116620387809437,0.0057050826010384,0.0389913712095513,0.0014364383912292,0.0329899083870244,0.0069442997715325,0.0025071742791999,0.0270334566058954,0.0112574327199533,0.0020076164954604,0.0032679407496198,0.0151553499142964,0.0435971103835237,0.0099537548549439,0.0168946886477829,1
0.0100602002382255,0.0236626463830461,0.0127350411023451,0.0173560489301731,0.0075185143415661,0.0299786252402037,0.0017683437815925,0.0186348482843826,0.0044099838506391,0.0040825158095424,0.0101609391146367,0.0134888507903792,0.0033386518056597,0.0078761057067899,0.0068250766967993,0.0292070575933968,0.0103613521564564,0.015456882254108,1
0.0078689845547571,0.0181101021771964,0.0120229301323484,0.0135276444177498,0.0065892560861663,0.0397652261050756,0.0010286724971138,0.0036547890894312,0.0071377281753254,0.0015206438040912,0.0007738759297345,0.0011579547554654,0.0016291508523635,0.0099906387714711,0.0043394999073516,0.0186466625271075,0.0247283589766415,0.0335572721964576,1
0.003347028257286,0.0134845581582251,0.0062699069545807,0.0131737725996068,0.0040581286345614,0.036952593517776,0.0001635054950272,0.0018344746211443,0.0074748192028105,0.0014673901878552,0.0010405560898232,0.000515093660768,0.0039324221124814,0.0111160762918548,0.0036207627571239,0.0153049355356115,0.0385478262880756,0.0461369529310806,1
0.0066617502949489,0.0156323276535876,0.0034638044557687,0.019125212767992,0.001798493869294,0.0250187640730547,0.0003895766279891,0.0009947883040749,0.0010569268182814,0.0014204605985536,0.0009411095078787,0.0003068639920789,0.0033127380409328,0.0096906643047287,0.0046377177234556,0.0134461193827155,0.0419956324542247,0.0456585561851363,1
0.0053719339015765,0.0169801196758834,0.0025219682348012,0.0130667882749095,0.0015548496538127,0.027982438221772,0.0003248391997235,0.0005817933699176,0.0009005658255081,0.0008663479776752,0.0026333321922227,0.0002656123344418,0.00289760165511,0.0095864685079716,0.0019442528275268,0.0143876818423138,0.0413765138632009,0.0345633269275967,1
0.0060227938656639,0.0217851159730648,0.0043865363163534,0.0187924356687946,0.0125699201810068,0.0098309856939496,0.0007685202427079,0.0008835473933054,0.000735430388572,0.001049590198003,0.0039953797428653,0.0006198649996017,0.0010807201789586,0.0089615451137623,0.0012409636132095,0.0132323966119771,0.0517539410626119,0.0168011317242329,1
0.0088036383676645,0.0275486647162212,0.0055122294322183,0.0146949907715457,0.0135063405515719,0.0081654983199487,0.0007322755271614,0.001135777549335,0.0004955721372891,0.0023192251005094,0.0024826074726981,0.0016420264182346,0.0024714229365842,0.0070522060711031,0.0050459534985109,0.0150080067716126,0.0294371325877888,0.0121444558737268,1
0.0106238539517549,0.0339180810506464,0.013234007694252,0.0185720679811976,0.0102795418613783,0.0057522836566116,0.0009845740870339,0.0017535178197741,0.00038735975398,0.0025883856031922,0.0018137411203769,0.0044619730577142,0.0041549376239989,0.0056997367291604,0.016004737402271,0.0330398295144797,0.0185574548079581,0.0203372733410886,1
0.0116029740743147,0.0400758234579825,0.016360025259879,0.020434728412242,0.0082068385944639,0.004967132484351,0.0007753430369581,0.0010712656242752,0.0014297131566493,0.0017811868903219,0.0017796602628558,0.0063970604227945,0.003206740825755,0.004713754878147,0.0022819864326778,0.0507588447286939,0.0059596957694503,0.021574321379721,1
0.010344342472215,0.0410756901742841,0.0191688758796117,0.0233018758010019,0.0086959470799444,0.0049048941033363,0.0003734526270487,0.0009360921466642,0.0020498969516802,0.0027909487299927,0.0020376384422498,0.0071257248643618,0.0028539228167989,0.0042379435802571,0.0176566765190921,0.0543543249736381,0.0198267145151377,0.0177246510902432,1
0.0073385769912127,0.0261117740600414,0.0126888416863978,0.0175499251495692,0.0068734191136038,0.0070875589950691,0.0018986915167412,0.0018041865788725,0.0018843300245754,0.0025764842223835,0.0008772273790033,0.0064170436679821,0.0025032761626779,0.0051627452174909,0.0065947052430544,0.0413038809126505,0.0211680531741495,0.0148041996553582,1
0.0112262046559561,0.0292757187188945,0.0071312891730628,0.020377970598664,0.0066698370625503,0.0081248232850935,0.0002173372771355,0.0009196095705607,0.000590154128193,0.0021869965123966,0.0013248498779482,0.0013014880042501,0.0018941036930854,0.0061327419734673,0.004321340030258,0.0415764112073374,0.0246939188755377,0.0163510638819714,1
0.0112993456548931,0.0320525148403143,0.0092301841790951,0.020299952092113,0.0046004127490318,0.0072747271613578,0.0006914839806326,0.0016260992837683,0.0010749608929227,0.0035198316112557,0.0012387759159663,0.0018187922710058,0.0010272605150129,0.0067569941646598,0.0159951118938052,0.0544478444098398,0.0084549864973865,0.0146950123658529,1
0.0119158407996005,0.0383187275116967,0.0092139063645979,0.0183159911423866,0.0049618828162059,0.0060196904073223,0.0009407493482488,0.0014603769787925,0.0016983684114345,0.000654032930558,0.0011451272431038,0.0046073861929536,0.001138866684152,0.0054660818687877,0.0190475102047035,0.0552016516334168,0.009080285157275,0.0156061019858764,1
0.0109831332023411,0.0303562917968192,0.0091539297362661,0.0183445846786028,0.0052531437438735,0.003603294564286,0.0002951048857358,0.0008688935249185,0.0014808728975677,0.0009076681804756,0.0012030227148733,0.0063014990005822,0.0015708589330977,0.0059050805541563,0.0104870830597952,0.051646223369916,0.0095399547615345,0.0207698123239758,1
0.0089586709632452,0.0293860087335217,0.0099892715223849,0.0183134754214846,0.0051493915736386,0.0038919940514762,0.0006101127531075,0.0007858725885204,0.0006642051665995,0.001126272998213,0.0018351741965699,0.0058693023747197,0.0014260082805448,0.0070151464025978,0.0032599656334422,0.0450438276442979,0.0189781049603072,0.0195973527895851,1
0.0071844499764709,0.0176298748807779,0.009833934350621,0.0152546225319927,0.008529613966731,0.0082257474119742,0.0006692142761875,0.0014404269655994,0.0003867485109022,0.0009452909104418,0.0056639894876355,0.0062974512955116,0.0037877396171428,0.0072844565722552,0.005018012154629,0.0264271311499237,0.0176515963221133,0.0116628820614377,1
0.0053953379963441,0.0049574133406967,0.0034163459856568,0.0143030004834414,0.0143658552352767,0.0093974628729735,0.0004520795251284,0.0066531518974456,0.0060432272041915,0.0058645419822034,0.0118517254334472,0.0035386655833631,0.0018116985724902,0.0051880620616736,0.0013143780737552,0.0103689909105425,0.0543652584252559,0.019788069772734,1
0.008460730787161,0.0111357582560511,0.0265303361128282,0.0293449617635148,0.0189959139789031,0.0530723588540616,0.0008920882742757,0.0114669825438124,0.0099893513514593,0.0064262231030432,0.0132826467533226,0.0116733924863041,0.0013277869018867,0.0080900061726747,0.0035413787083104,0.0125808160168884,0.0392179932152871,0.0449624114240495,1
0.0097614211067304,0.0194607806886781,0.0281775070232436,0.0201758120259945,0.020856536229889,0.0616960236912731,0.0007449707952823,0.009447393605815,0.005184420195183,0.0094994005878229,0.012130122247372,0.01140432908332,0.0033194943613409,0.0107840663263215,0.004962734824205,0.0194865299361816,0.0542705495435846,0.0684031957973076,1
0.0098665840504695,0.0301741956313799,0.0163751346854827,0.0146325688791598,0.0129875358618334,0.0401409751045672,0.0009114452550433,0.0059763611012999,0.0025207997489283,0.0130854769525494,0.0087989054161662,0.0056795270089906,0.0058382978325903,0.0129842475109197,0.0122907046629704,0.0169989681626325,0.0580150723157876,0.0722000808640905,1
0.0105134009064654,0.0440565509888492,0.0152322692577772,0.0247740605676232,0.0052974940204536,0.0223675116366979,0.0010498452895489,0.0067176401198964,0.0016641895205653,0.0189315416522313,0.0027135908024467,0.0053469216435367,0.0027226064273658,0.0145109448801758,0.0084800739462448,0.0196917454172385,0.0273210607128611,0.0442848222628658,1
0.0085730721518325,0.0563097939624638,0.0227901528307648,0.0219754621989087,0.0086224364418653,0.0310909503570795,0.0010315799637461,0.018500668799177,0.0081814849722484,0.0160284151744212,0.0143232206621051,0.0298443319644733,0.0021031170929369,0.0052361723161475,0.0119468460923658,0.0383212238266041,0.0045415426257837,0.014244182319836,1
0.0104171224157723,0.0379895908521065,0.0078242179889725,0.0133369254119109,0.0049952819561923,0.0324485690181063,0.0014775618928513,0.0209140703591155,0.0052793321011372,0.010939099843352,0.0130383366211672,0.0192497969146425,0.0014892105947802,0.0016118368137725,0.0234238665776559,0.0408568498551624,0.0249687890137328,0.0139120950363036,1
0.0098373105579919,0.0273474354942365,0.0089447518457495,0.0166449450134241,0.0053808165281465,0.0379198677355013,0.0007999422121745,0.0103234971052914,0.0019851234846063,0.0105213652102642,0.0018231268010213,0.0081394648464652,0.0031439926631787,0.0085391262765993,0.0005998964338796,0.026180203577263,0.0162695539701779,0.0233253016544636,1
0.0087126456209807,0.0219185768706409,0.0103638004885495,0.0165514410512151,0.0050304467791306,0.0283339897374289,0.0011988945712495,0.0068450252068053,0.0076355228958789,0.0042573064958408,0.0013402283615105,0.0024435455454897,0.0018620687472057,0.0110723578586059,0.0026246608938125,0.0183436088115359,0.0235958688352843,0.0421396846266002,1
0.0050680512582704,0.0165798985310209,0.0045886209542129,0.0171364334283834,0.0098662141363116,0.0233836080907284,0.0010307131916858,0.0033335922423308,0.00703056397075,0.0018540389311094,0.0011351135925198,0.000467639706427,0.0038930137532389,0.0116198271434514,0.0043582194930083,0.0132472263619804,0.0421482099655227,0.0448018637575323,1
0.0054364460430012,0.0164722936021611,0.0019236728917362,0.0165385754001921,0.0013885259436352,0.0199902447605568,0.0009733772560086,0.001726892026076,0.0068661323900182,0.0019331228420308,0.0019764908275013,0.0003905632879492,0.0027503083095615,0.0104963735029547,0.0048187267285616,0.0108563370067558,0.0479781987065077,0.0369978467253205,1
0.0049211944526327,0.016723107153309,0.00228915141386,0.0170700897886722,0.004076971592885,0.0209708672711868,0.0005928937299057,0.0010008751652444,0.0068229904757875,0.0009011754752664,0.0013124930437868,0.0011917645731057,0.0021086027407196,0.009786794677941,0.000883061078244,0.0134928366530209,0.0428722706440701,0.0293176034618226,1
0.0062828593544236,0.0206950216056025,0.001727566853382,0.0140311885258552,0.0073582380257553,0.0079695817005652,0.0003691270002484,0.0012302636491908,0.0066483217309038,0.0010876096786385,0.002435450811687,0.0004656628372883,0.0021313876889768,0.0084704917713407,0.0020535871238444,0.0145622302346849,0.0510905273053323,0.0141760122027113,1
0.0087925614929769,0.0275167508220629,0.0045030197250276,0.0131518552664631,0.0100973077548333,0.0066568766201173,0.0004217169556404,0.0011189249369206,0.001082690954745,0.0016726430201777,0.0026482777323009,0.0007393433270863,0.0020786464187104,0.0061269178784689,0.0055962245630607,0.0181603229631835,0.0344516333519372,0.0111741332224859,1
0.0116194896022997,0.0312194634623009,0.0067017974891045,0.0150758844644518,0.0084304805711144,0.007587420360539,0.0012386657439432,0.00132439455303,0.0005293689107355,0.002535100365891,0.0011758023175298,0.0021367567024715,0.0036386235523736,0.0045251530633023,0.0173215362124036,0.025069128120793,0.0209920859835841,0.0191308473434905,1
0.009749553470451,0.0344876344586648,0.0081257211577527,0.0174730783545252,0.0069131145931701,0.0058559220647044,0.0011577340920968,0.0016181829391412,0.0003316512754495,0.0018416548816101,0.0017373480667398,0.0042259104090089,0.0034428243278229,0.0043442619033862,0.0122816929085505,0.0436300174520069,0.011453795959788,0.0219603089376261,1
0.009952546259435,0.0378767792617058,0.010474286151213,0.0220270624489247,0.0061352102168428,0.0108035111411208,0.000847796673941,0.0012960015759379,0.0003604696833461,0.0015817391379996,0.0019183908844204,0.0037580619824678,0.0034871540220137,0.0049712858529135,0.0026286134563454,0.0490496627835683,0.0059170337199917,0.0208189769138365,1
0.0090900000909,0.0346126156061361,0.0110442321497597,0.0206450334243091,0.0068482643758765,0.0094995449717958,0.0003055028860093,0.0020329347629201,0.0010092036343844,0.0006317780306013,0.0013939139486738,0.0049882725711851,0.0033134449323676,0.0065068031880732,0.0117273026852004,0.0397570051843134,0.0202766546764048,0.0177626203417528,1
0.0092090528673307,0.0265345599375907,0.0082887055611412,0.0193728992512374,0.0060438956049999,0.0074373606889375,0.0002582559521024,0.0011506858835811,0.0008762251379879,0.002060961170461,0.001109774203121,0.0019513318327591,0.0042944239910572,0.0064827426150216,0.0137381885923577,0.0245697830979548,0.0216824731896219,0.010360783192323,1
0.0098316332800786,0.0302666186436317,0.0072241024955662,0.0179572223050249,0.0050195259559687,0.0054272552416431,0.0004217408771754,0.0013372480825199,0.0003828182736771,0.001409136417792,0.0008764306415577,0.0035462992416948,0.0040183154819668,0.0052840996158459,0.0154152799337759,0.0416236555559255,0.0229067261019853,0.0205115582630812,1
0.0095057395655496,0.0306793638327115,0.0055504984347594,0.0169798313563149,0.0051323531223183,0.0053302034378746,0.0005777530525149,0.001049772881637,0.0005484075506067,0.0002670199518643,0.000910971900434,0.0051377692833325,0.0038496244306405,0.0050071376747553,0.0131007170022415,0.0439573964913206,0.0195517182049958,0.0211341426301017,1
0.0095172109242353,0.0280953330842213,0.0086968999899985,0.0096956628391421,0.0063363325307312,0.0052993749387259,0.000445869045586,0.0008393576832116,0.0006402662278196,0.0004755566723739,0.0012083927711527,0.0052849597444616,0.0037913398215795,0.0054499357997562,0.0161524272252391,0.0374296322912923,0.0245989146958836,0.0215339029768467,1
0.0058033690878902,0.0165015140139107,0.0058151401826768,0.0095138969492738,0.0095694146197688,0.0032608819707466,0.0006932001982275,0.0056982914242993,0.0019257262780371,0.0020579891963799,0.01059405080483,0.0029314758720481,0.004242683174664,0.0049026048520099,0.0123668094620932,0.0187687335421667,0.0192920958354152,0.0159032825965607,1
0.0053964502150485,0.0075836514675123,0.0260940586437873,0.0294063158885265,0.0180324114563516,0.0474633227173701,0.0010452474011752,0.0092374742159,0.0108639325045601,0.0060162136959104,0.0086798623721022,0.0100692056504354,0.002216947856943,0.0084408700173544,0.003646375921667,0.0161015557323148,0.049349572632701,0.0553535152249843,1
0.007505174818037,0.0163156357632209,0.0301716464969209,0.0202057347916485,0.0223484162794803,0.061063854472622,0.0006601551166477,0.0119489159943409,0.0139366800876895,0.0066318450588775,0.0126791886333609,0.0144288068242484,0.004084907248096,0.0119275520488552,0.0070540566468964,0.0210910839551687,0.059355282916956,0.069475805050891,1
0.0102032070720468,0.0268604198283619,0.0202700785262842,0.0157248528153776,0.0266207370217251,0.0430053885751884,0.0015836338410516,0.0124581716885556,0.0137028160657296,0.0092395823708768,0.0169894953949972,0.0198851829536257,0.0050981859634704,0.0135429603015204,0.010731168141308,0.0157570638917426,0.0417888991968173,0.063951294693961,1
0.0100344079849804,0.0413893579682792,0.0174282522425803,0.0249921274798438,0.0204574699428622,0.0260065848672883,0.0008353059780092,0.0195110910797242,0.0118094567767977,0.0099541115457739,0.0207716674456041,0.0183373858956162,0.0014724554387129,0.0103645201745385,0.0042992649546707,0.0245735264484865,0.0164754417065921,0.0179159455498582,1
0.0103300022519404,0.0380727570387009,0.0075438391351742,0.0197977462245697,0.0065627003674455,0.0353531782507247,0.0017599117791423,0.0329140088604511,0.0070768803978905,0.0137901552081968,0.0270011205465026,0.005985833925432,0.0014798878067455,0.0011107655396098,0.0170165843631203,0.0429138504452312,0.0125001562519531,0.0148431817844473,1
0.011157103169733,0.0268818649562632,0.0092782108640426,0.0180140257204259,0.0069471702438804,0.0373569229849675,0.0012764449069146,0.0101533356753694,0.0091027675144074,0.0096449407945309,0.0074468869406177,0.0035072152185082,0.0030669343078005,0.0077725925948955,0.0029850951215485,0.0257992611091618,0.012891482082129,0.0206172814052739,1
0.0083345418419004,0.0181718401895686,0.0086479680301917,0.0178859520155679,0.0043143970134018,0.0363372093023255,0.0009045932713457,0.006965733467354,0.0083357437525684,0.0038990519845004,0.003925951837208,0.0012128643671971,0.0012205294021871,0.0118035186289032,0.0024209352799266,0.0191131133159149,0.0212467147267353,0.0391699112409811,1
0.0075499447721539,0.0170665938491995,0.006996603149171,0.0178875836915321,0.0028599824111081,0.0342988458438373,0.0007250074875148,0.0028803461023876,0.0076291733485509,0.0015612414929902,0.0016036704809969,0.0004829814016902,0.0037602396024674,0.0115564585001797,0.0048607161779216,0.0143421197939897,0.0343921530863518,0.0453407813123435,1
0.0051976672869216,0.0154045227678846,0.0025993673139957,0.0167028282899143,0.0028452359511495,0.0186876416756834,0.0007163178568801,0.0007382446535399,0.0065295888317912,0.0010107682192234,0.0011375315451716,0.0007159081154842,0.0029783373610382,0.0102925026323075,0.0019093377691068,0.012439017715649,0.0389704019796964,0.0353821985082865,1
0.007785942636289,0.0179203440706061,0.0022674898864282,0.0149870437007207,0.01404806122707,0.0186768567597147,0.0002802717290467,0.0004636445419045,0.0063034214971886,0.0015929542994155,0.003032780720249,0.0002571214874087,0.0013969463590758,0.0075336490434525,0.0037870152336474,0.015464913976416,0.0459736295261038,0.0063595673967874,1
0.0103161593351441,0.0255302635744411,0.001853559185813,0.0140625812992981,0.0127694187743656,0.0081799591002045,0.0008215257491226,0.0014406604217879,0.0006204918167057,0.0014562887645865,0.0024143427410612,0.0006991140407407,0.0042060581538012,0.0055230706947525,0.0130866756702995,0.0238599706045162,0.0197190430742776,0.0165488115470987,1
0.0105277675132044,0.0337421760329323,0.0097781245752627,0.0142045454545454,0.0098343018481603,0.0066608007214979,0.0005772905112317,0.0022631689842648,0.0006161198264341,0.0023241442094295,0.0013381941899087,0.0040761406773975,0.0037069562145452,0.0057102363409719,0.0121450311034246,0.0400780720844204,0.0119067747166782,0.020512525973986,1
0.0100901351775409,0.0366597135409983,0.0140400534645235,0.0167707852920213,0.0082593365605314,0.0062484144648295,0.0012141315195827,0.0010556185349302,0.0010625050468989,0.0016056194110395,0.0011706405229859,0.0057288763439227,0.0033827302150875,0.0049414438899046,0.0077627757823131,0.0511734062042637,0.0143365064801009,0.018637244669748,1
0.0099834175434603,0.0388011981809998,0.0164776949682062,0.0198557677034024,0.0071355788524276,0.0056791528521273,0.0007743323686958,0.0003402516242421,0.0023175432928674,0.0019966647711662,0.0017783816371425,0.007537862684263,0.0025788875246573,0.0039954739271353,0.0150995817415857,0.0528105790151883,0.0186163924782327,0.0185802462254229,1
0.0100803199896777,0.0390889155562157,0.0169166668076388,0.0218085384789852,0.0048205292844743,0.0138822562553446,0.0010534926705881,0.0012786324156844,0.0024132660128646,0.0030361471535513,0.00187265777329,0.0066233148631159,0.0025043864328371,0.0050651581950207,0.0144193611646229,0.0531680162481457,0.0133630170485371,0.0176369020428823,1
0.0088607393046446,0.0279003844672979,0.0159989248722485,0.0182746534211978,0.0073838938077928,0.0090274542939989,0.0002348608518736,0.0013409848138833,0.0015067656792529,0.002624917872882,0.001657776013904,0.0063425657835066,0.0031819398186994,0.0044115324516738,0.0072801609789195,0.0394932229629395,0.0206327656571742,0.0148107336348798,1
0.0079204470300303,0.0247579906414795,0.0013393879024073,0.0113709370220653,0.0109811311223923,0.0089654418080068,0.0009491613068318,0.0014362188837793,0.0007732948500573,0.0009675974825435,0.0040275095008949,0.0006280600262089,0.0032739021869339,0.0042765161104914,0.014534925973622,0.0103703995611246,0.0335063377237804,0.008530494384802,1
0.0103227937609034,0.025380388573749,0.0078204854488137,0.0163057391310019,0.0089844515082198,0.0036856752912697,0.0004309271596065,0.0014624315234719,0.0007823493230409,0.0020117611580823,0.0016472749460023,0.0004726880155578,0.0042675606921812,0.0062298231602397,0.0153011183587408,0.0164657841006388,0.0198417816332564,0.0149365197908887,1
0.0111338860936649,0.0316623025459657,0.0111860576976856,0.0191276637662752,0.0054853371452769,0.0040619496058284,0.0011052879628835,0.0014860187921936,0.0004867033615043,0.0019226147560682,0.0011061235997996,0.0034224060130304,0.0031046817980578,0.006702808208527,0.0075526362099058,0.0332715591385327,0.0248084169997196,0.0069209181289989,1
0.0116754504972574,0.0332828543375879,0.0104821033807928,0.0185816962858905,0.004728512457266,0.0077163649439367,0.0008489207203975,0.001042630013356,0.0009626016735985,0.0017150537643629,0.0011470508920098,0.0051003363671834,0.0029212048801648,0.0056578142618787,0.0032668635496432,0.05123895800455,0.009505188407092,0.0169459931199267,1
0.0103301516466261,0.0336974908848287,0.0096148668917827,0.0188203056041224,0.0061805575728208,0.0071437960417654,0.0002966134925681,0.0012384081897419,0.0002517330308777,0.0021441692212656,0.0011543867620467,0.0049245436794713,0.0033957033486389,0.0042564910424274,0.0046417109717978,0.049531187312091,0.0085836246758608,0.0191919424548797,1
0.0104762174150352,0.0331123634942814,0.0105163750475865,0.0177203794996473,0.0071121479042278,0.0099367920656702,0.0008653752210709,0.0025862307523009,0.0008393630376078,0.002685400738324,0.0006874602776858,0.0050881392929012,0.0028828022683041,0.0040514370447197,0.0091321615552436,0.0399373781909965,0.0204601906071356,0.0213040190031849,1
0.0040394851595374,0.0214830155279236,0.0094888633954758,0.0148568100645974,0.0083573467764042,0.0077117234390893,0.0007922237220777,0.0051654493424382,0.0004134884052682,0.0028949802489972,0.0048642130603147,0.0044626879126312,0.0034031929436836,0.0050393243677033,0.0095305262756609,0.0196789187614875,0.0250457084178626,0.0165775347879567,1
0.005997422307892,0.0109661387567469,0.0105707351312039,0.0189748639976622,0.0139796791384044,0.0098128878543924,0.0010370954523986,0.0060925717537406,0.0018753450634916,0.0013268837935076,0.0157833763167281,0.0033593199124023,0.0012513351746313,0.0065996058715373,0.0018236238432981,0.0096960106733685,0.0511284038734878,0.0101766358687743,1
0.0054061564228111,0.0056486739455479,0.0139943322954203,0.0117153635277302,0.0185619672715393,0.0115490644680327,0.0013495431459065,0.0070384616738165,0.0056111558756657,0.0041007437929091,0.0210194871665521,0.0001687658294964,0.0031166065888803,0.0084310065441472,0.0025962474358811,0.0138960878343919,0.0348474552645793,0.0439025889356695,1
0.0057354215620879,0.0051877956070784,0.0188189597255442,0.0099008332541266,0.0214801083456664,0.0233906091382431,0.0013229537906793,0.0075055353323075,0.0094418274845932,0.0087289283669222,0.0237868696479543,0.0076032039901614,0.0033858787862166,0.0113752701626663,0.0057908573943458,0.0172924516719206,0.0403406363331975,0.062188281240283,1
0.010315659170621,0.0257199000010287,0.0171383130415706,0.0135348583509399,0.0185616227313056,0.0236436243784682,0.0007513882461388,0.010174720296939,0.013313912772569,0.0103933898040846,0.0288780307493271,0.0173497253538476,0.0037246985880785,0.0137442308590968,0.0093509242921116,0.0178652779390615,0.0361399628481181,0.0646843082336656,1
0.0094278697256961,0.0403378699991125,0.0135185921197422,0.0131089088144302,0.0145867429845059,0.0157333387875574,0.0011760845557752,0.0124528038733201,0.0142127420074645,0.0105598293531576,0.0271567924569293,0.0226716755955282,0.0009267326982248,0.0128678102718582,0.0038805730364591,0.0211366441772772,0.0173862850029382,0.0266303074202688,1
0.0092806735541638,0.0231149204500012,0.0118550131887021,0.0178521060129463,0.0187700370145129,0.0376984351379574,0.0017883856868339,0.0127641052936573,0.0032370253549722,0.0087094282173281,0.0162481680190558,0.0043016414203331,0.0025836588743515,0.0021882733494784,0.0131772444800522,0.0341899044050272,0.0197108419486138,0.0166792595075949,1
0.0082324921647255,0.0179368014736876,0.0104553951930275,0.0181187648800356,0.0150466898786935,0.0340897856775174,0.0006603551244581,0.0046666081785108,0.008224847593574,0.0029119643296017,0.0063584028200788,0.0018941463868305,0.0021956008064002,0.0113220279110632,0.0016112927127514,0.0123933705382316,0.0425852663495483,0.0342211438759552,1
0.0082559339525283,0.0188764011008717,0.0069012540958943,0.0176736212366232,0.0081423676702406,0.0282651154771292,0.000462506644486,0.0012422817037744,0.0066482863709464,0.0012039550404661,0.0023180670843978,0.0009673957638319,0.0019482357653614,0.0106001486140835,0.0006182819798625,0.0125988061371304,0.0456350111805777,0.0250159476666374,1
0.00885838454956,0.0198883468209472,0.0028680611562416,0.013894620419812,0.0113447628036993,0.0073467990363938,0.0007081161010164,0.000832443104803,0.0059210277009359,0.0012036029131042,0.0012499403153499,0.0005543131242778,0.001163011534632,0.0082826161139953,0.0034520076013207,0.0144761375348874,0.0502790487203982,0.0081312514077229,1
0.0098850174767109,0.0244733937499847,0.0035430349424735,0.013005169554898,0.0103087469718055,0.008016745377745,0.0003447305148488,0.0005717983779452,0.000442337678549,0.0007902163003763,0.0026549346872792,0.00042815172978,0.0029353963298739,0.0056785465646496,0.00858929430358,0.0149076174943872,0.0290518633865176,0.0149352705374905,1
0.0109968296140222,0.0317586343787217,0.0070540417190135,0.0136014080177579,0.0081171861936403,0.0057883032283682,0.0006893881177201,0.0015516780156396,0.0009605788063655,0.0022122112290072,0.00207176211033,0.0024646714001502,0.004339066831609,0.0046931214795722,0.0192583234473939,0.0267575710547299,0.0205244826291041,0.0192683053718108,1
0.0112846056538131,0.0375416242759159,0.013072732763275,0.0172245705053344,0.0057590748622141,0.0115011932487995,0.000897948510914,0.0011439726142107,0.0018261241300572,0.0005905252119424,0.0017301615780596,0.0065846309446048,0.0037638854438881,0.0042412166523737,0.0089214661180559,0.0449179797689419,0.0092134564373959,0.0207341119683514,1
0.0107769188573448,0.0393725589013481,0.0159886416689583,0.0106732129039144,0.0039347337837816,0.0124633421947696,0.0019748268817384,0.0010817628840663,0.001408439595406,0.0020168267892682,0.0016573559173489,0.0062109100846547,0.0040192812962342,0.0048406178177333,0.0031578106393587,0.0481370944449793,0.0062987642454426,0.0213308760164162,1
0.0107087248264651,0.0370262034441774,0.0178412132024977,0.0082692671858112,0.0103200771941774,0.011152213212473,0.0007117106435045,0.0028528570507506,0.0009167184230609,0.0023991332411426,0.0012173706619757,0.005817295050878,0.0036559555699031,0.0051985724719991,0.0056043382061185,0.0468915585816241,0.0120820662266378,0.0207888106305662,1
0.0088356628558452,0.0246250831096554,0.0181858852070553,0.0081262626180542,0.0070029286247508,0.0057622075247515,0.0015015939419694,0.0045231308387965,0.0007132342032888,0.0017652817795735,0.0029738043522221,0.0056637713467542,0.0037415963745427,0.0052487790027844,0.0128645988110537,0.0342157577250627,0.0240390393999855,0.0152356111079793,1
0.0097336768672355,0.0327971007362949,0.010856596305066,0.0151575781827882,0.0065100818382387,0.0078113344024446,0.0006093223640684,0.0013316323948875,0.0007836578499672,0.0020840327868374,0.0032133552184246,0.000711031576699,0.0037094808766987,0.0052907113625962,0.0152221829828171,0.0178666823893471,0.0208851110043649,0.0121777463862537,1
0.0098090857637795,0.0360498064125395,0.0090675889009084,0.0128818668401424,0.0056608857701182,0.0054218967638324,0.0004306158202395,0.0018008536766768,0.0011223553659922,0.0022832634959138,0.0018959790077204,0.0047357969896432,0.0037260614524411,0.0041274115433795,0.0121731360798362,0.0245064402925088,0.023195451835804,0.0074601200631722,1
0.0107904081903514,0.0276753788759368,0.0094216252680452,0.0135392197347666,0.0060324800792426,0.0060128241513499,0.0010625961583111,0.0008662576948588,0.0004652425437322,0.0005489465441344,0.0017807583715676,0.0056695481200061,0.0037658131200175,0.0016560538455971,0.0158386986925154,0.039821282085998,0.0237723370822308,0.0214116256562663,1
0.0099984202496005,0.0278887906583706,0.0089762739127937,0.0130778103560564,0.0069022829991247,0.0064466053465566,0.0005832656647951,0.0011978693258726,0.0009643060198153,0.0007291694694118,0.0014871878764444,0.0050774256639495,0.0034295328736158,0.0027325793964606,0.0171125630170133,0.0333312223559174,0.0269169584913583,0.0202616180117679,1
0.0078806864077861,0.0196829858302184,0.0094862439975791,0.0119987089389181,0.0086579636815739,0.0067557570872958,0.0011527560899527,0.0015860312517941,0.0004606846852424,0.0020933999704411,0.0011791377979342,0.00553642413438,0.0040767472123202,0.0042995939893395,0.0095959343945157,0.0195537062094749,0.0200121273491735,0.0154846461990613,1
0.0065320284953211,0.0184121372808955,0.0061924642663849,0.0129651742454592,0.0114612260990456,0.0046748042542588,0.0006242543282049,0.005943257344826,0.0031762921553524,0.0027240904942862,0.0124934721607959,0.0028949349927872,0.0013587890689224,0.006569180034948,0.0015359001296299,0.0098632460929216,0.0470296098423567,0.003630997681971,1
0.0051681055533878,0.0072894691954321,0.0046570696879251,0.0157657835200264,0.0152691803809355,0.0107942634966073,0.0012998934867276,0.007390715339947,0.0074674066368816,0.0072135863570883,0.0135379733383153,0.0024957073833007,0.0003017460444337,0.0069785813381569,0.000735803282698,0.014032369870818,0.04780297525718,0.0321958538179453,1
0.0064536655852474,0.006798909998749,0.012176619429501,0.0230197808977254,0.0081144527329071,0.0249899415485267,0.0009957642181687,0.0104127185108979,0.0115817684433871,0.0098676842222636,0.0110263916684584,0.0130396627421628,0.0028006826944135,0.0096979665303779,0.0053817663603006,0.0166316846898689,0.0436406800963586,0.0584098502371439,1
0.0070418270442776,0.0124498891959861,0.0191700517783098,0.0287122003881889,0.0154333610619387,0.046528724508075,0.0005074082621084,0.0109979059986978,0.0139147084033707,0.0108239985365953,0.0114175453419269,0.0182526051030633,0.0046169842228415,0.0123629871944178,0.0100798424319031,0.0203172332804408,0.0503562706145982,0.0675922295972854,1
0.009501187648456,0.0218302003357484,0.0162112126473396,0.012649533295469,0.0123015604529434,0.0405271775252484,0.0010859290204214,0.0123169394868763,0.0136987427293922,0.0130375036830947,0.0124328316271344,0.0229548913430218,0.0041648792393264,0.0141735207450736,0.0101587714388172,0.0190176978696374,0.0357336839998856,0.057076974007146,1
0.0098694566962783,0.0324406741172081,0.0151999939200024,0.0215883871747709,0.0183114633422815,0.0332907212101842,0.0009023243785759,0.0169152360605768,0.0106138070770742,0.0137523585294878,0.0169939705392526,0.0272375660510976,0.0013674302990009,0.0120213836372138,0.0033636895099306,0.0223649103502568,0.01865386265534,0.0177962859151295,1
0.010732354399514,0.0280736427797398,0.0077781727361044,0.0195914017256106,0.0082452806075122,0.0355984635703123,0.0013810294884321,0.0121628902919458,0.009815844933208,0.0083244469861755,0.0049627052698967,0.0108301880662157,0.0027739197177703,0.0069187202581512,0.001054969391118,0.0275350865840797,0.0152939341198493,0.0210262049592407,1
0.0085183519374139,0.0204059560904636,0.0090683125049308,0.0205122314436098,0.0067408474458591,0.0242233978644652,0.0006328356123431,0.0037620800390052,0.0080112285379187,0.0019825173688346,0.0012542401154904,0.0018697351763188,0.002382244464974,0.0106717094050842,0.0017225359725799,0.0167467159689984,0.0267261769540176,0.0364172690689925,1
0.0084870767282658,0.0158448723616306,0.0059643700462179,0.0213321956162338,0.0056627129604776,0.0328429875295176,0.0002583598130611,0.0014782073070447,0.0067188768187999,0.0004033347230903,0.0012862014253169,0.0006847140397943,0.0020708066786,0.0105210552618427,0.0016655341034763,0.0145118714364285,0.0335564839516115,0.0354253163480749,1
0.0092118608235219,0.0143801921481274,0.0048308735330448,0.0219060449731103,0.0053340388488717,0.0284948182173071,0.0002837040399455,0.0001574344482316,0.0062632742268144,0.0007073996336094,0.0022396486797494,0.0001934378492218,0.0015952823035493,0.0103345180135816,0.0006444671783821,0.0190495058558181,0.0293603840338231,0.0284808594384144,1
0.0079251171530443,0.0157602922588596,0.003695120076622,0.0179830887033833,0.0094651257441955,0.0115387100645244,0.0001280256706832,0.0016684997917712,0.0007192154222801,0.0016537229769262,0.0036518034613984,0.0008561088244444,0.0017729792291937,0.0082808877111626,0.0044052125999652,0.0191853884081883,0.043333564445677,0.0071724023172597,1
0.0106246666510838,0.0271844026771199,0.0027774768844486,0.0140513972006806,0.0122457176725299,0.0082537874567192,0.0008893185285513,0.0012815531193515,0.0008755067871037,0.0028204297263139,0.0025791821825968,0.0027536178408001,0.0031529409687474,0.0047205504917161,0.0125000781254882,0.0239663895353156,0.0245863349150542,0.0181601580660158,1
0.0118573185148471,0.0259062659485449,0.0051082384648313,0.013857862674124,0.0090413951234331,0.0064872719723901,0.0003649193271018,0.0015086560650387,0.0010908983406018,0.0023003312476996,0.0014857955714674,0.0044333119056591,0.0038763731567361,0.0011872764803616,0.0134602907961223,0.038282054521302,0.0162371665494884,0.0211664401857566,1
0.0113837260529092,0.0326274919246957,0.0122127410642426,0.016017811806729,0.007144934277322,0.012391819416494,0.0010117305093911,0.0012419031022491,0.0014491699299558,0.0003798479567389,0.0017308473518987,0.0060806463970345,0.0036709627944249,0.0009586179949469,0.0050552845923014,0.0461991924381161,0.0066398108450686,0.0209819555182543,1
0.0110133128926246,0.0313741238775907,0.0104678062618417,0.0159680383743898,0.0056095757702228,0.010467762432038,0.0009121313746467,0.0010412024639015,0.00038624483272,0.0008539197006362,0.0007209053244409,0.0056739745567632,0.0039527957135883,0.0017899882021877,0.0047740148462313,0.047309955907121,0.0076363042120326,0.0210743270440516,1
0.0099888624184034,0.0294515242636382,0.0170293347320093,0.0091506964137505,0.0059958940117807,0.0091294103040002,0.0003581752846087,0.0022793009839742,0.0008241334628101,0.0012026349732263,0.0005526821915462,0.0056140193290685,0.0033855818901162,0.0016932653250248,0.0121383676808677,0.0426161182682514,0.0180869439395172,0.0208754321214449,1
0.0095663204296425,0.0218520962715953,0.0170904529311835,0.0083977792912442,0.007527320409426,0.0038742255907322,0.0004243735916897,0.0054407141699047,0.00024362411333,0.0015649080021883,0.0014802816857625,0.0030629081516543,0.0037488565987373,0.0027522059618835,0.0146767016167854,0.030079077895788,0.0264470503604732,0.015840806233674,1
